University_Code,University_Name,County,Type,Degree,Total_Students,Male,Female,FirstYear_Male,FirstYear_Female,SecondYear_Male,SecondYear_Female,ThirdYear_Male,ThirdYear_Female,FourthYear_Male,FourthYear_Female,FifthYear_Male,FifthYear_Female,SixthYear_Male,SixthYear_Female,SeventhYear_Male,SeventhYear_Female,Supersenior_Male,Supersenior_Female
1,國立政治大學,30 臺北市,日間部學制,博士班,995,561,434,90,85,87,77,84,74,89,53,70,48,61,55,80,42,0,0
1,國立政治大學,30 臺北市,日間部學制,碩士班,4023,1861,2162,644,745,593,702,372,451,252,264,0,0,0,0,0,0,0,0
1,國立政治大學,30 臺北市,日間部學制,學士班,9585,3912,5673,896,1289,906,1309,883,1319,882,1333,0,0,0,0,0,0,345,423
1,國立政治大學,30 臺北市,進修部學制,碩士班,1787,929,858,298,273,266,233,185,190,110,96,70,66,0,0,0,0,0,0
2,國立清華大學,18 新竹市,日間部學制,博士班,1656,1211,445,241,85,206,90,179,64,163,60,140,43,122,44,160,59,0,0
2,國立清華大學,18 新竹市,日間部學制,碩士班,5190,3221,1969,1299,754,1231,659,475,321,209,211,3,14,4,10,0,0,0,0
2,國立清華大學,18 新竹市,日間部學制,學士班,8500,4658,3842,1105,925,1093,843,1075,945,1123,975,0,0,0,0,0,0,262,154
2,國立清華大學,18 新竹市,進修部學制,碩士班,1293,479,814,191,269,170,217,35,114,26,92,23,43,9,29,25,50,0,0
3,國立臺灣大學,30 臺北市,日間部學制,博士班,3433,2405,1028,467,185,361,179,347,163,355,132,292,130,240,105,343,134,0,0
3,國立臺灣大學,30 臺北市,日間部學制,碩士班,10335,6241,4094,2483,1615,2302,1457,970,622,486,400,0,0,0,0,0,0,0,0
3,國立臺灣大學,30 臺北市,日間部學制,學士班,16614,9431,7183,2105,1592,2165,1592,2083,1653,2037,1608,167,111,145,71,1,4,728,552
3,國立臺灣大學,30 臺北市,進修部學制,碩士班,1562,949,613,328,236,331,235,165,92,62,22,35,18,28,10,0,0,0,0
3,國立臺灣大學,30 臺北市,進修學士班,學士班,1,1,0,0,0,0,0,0,0,0,0,0,0,0,0,0,0,1,0
4,國立臺灣師範大學,30 臺北市,日間部學制,博士班,1353,662,691,108,117,97,104,121,114,93,106,91,104,73,65,79,81,0,0
4,國立臺灣師範大學,30 臺北市,日間部學制,碩士班,4196,1794,2402,657,807,558,724,345,514,234,357,0,0,0,0,0,0,0,0
4,國立臺灣師範大學,30 臺北市,日間部學制,學士班,8104,3603,4501,875,1084,830,1072,811,1057,820,1023,0,0,0,0,0,0,267,265
4,國立臺灣師範大學,30 臺北市,進修部學制,碩士班,2063,599,1464,192,457,178,440,99,267,67,142,33,90,30,68,0,0,0,0
5,國立成功大學,21 臺南市,日間部學制,博士班,1829,1261,568,264,138,215,92,202,88,162,82,158,67,123,50,137,51,0,0
5,國立成功大學,21 臺南市,日間部學制,碩士班,6833,4290,2543,1910,1064,1738,1015,492,342,148,120,1,2,1,0,0,0,0,0
5,國立成功大學,21 臺南市,日間部學制,學士班,11348,7046,4302,1677,1011,1658,1007,1602,1024,1631,981,79,59,51,37,1,3,347,180
5,國立成功大學,21 臺南市,進修部學制,碩士班,1446,900,546,303,192,269,171,177,106,95,51,55,26,1,0,0,0,0,0
6,國立中興大學,19 臺中市,日間部學制,博士班,944,658,286,103,46,108,57,97,44,97,40,75,30,75,25,103,44,0,0
6,國立中興大學,19 臺中市,日間部學制,碩士班,3447,2054,1393,854,601,849,555,244,161,106,75,1,1,0,0,0,0,0,0
6,國立中興大學,19 臺中市,日間部學制,學士班,8020,4619,3401,1065,810,1085,782,1093,840,1112,825,34,46,0,0,0,0,230,98
6,國立中興大學,19 臺中市,進修部學制,碩士班,1625,1106,519,401,212,329,176,179,67,113,34,84,30,0,0,0,0,0,0
6,國立中興大學,19 臺中市,進修學士班,學士班,947,416,531,110,107,76,121,68,120,93,115,52,58,0,0,0,0,17,10
7,國立交通大學,18 新竹市,日間部學制,博士班,1765,1379,386,281,97,274,77,209,58,189,40,153,49,111,29,162,36,0,0
7,國立交通大學,18 新竹市,日間部學制,碩士班,5754,3913,1841,1503,718,1370,630,831,369,209,122,0,2,0,0,0,0,0,0
7,國立交通大學,18 新竹市,日間部學制,學士班,5627,3840,1787,1028,513,894,418,887,410,874,389,0,0,0,0,0,0,157,57
7,國立交通大學,18 新竹市,進修部學制,碩士班,1596,1053,543,340,207,324,195,189,71,113,36,87,34,0,0,0,0,0,0
8,國立中央大學,03 桃園市,日間部學制,博士班,1019,730,289,144,59,135,51,116,49,113,46,83,37,67,25,72,22,0,0
8,國立中央大學,03 桃園市,日間部學制,碩士班,3504,2324,1180,992,522,946,445,280,145,105,68,1,0,0,0,0,0,0,0
8,國立中央大學,03 桃園市,日間部學制,學士班,5956,3755,2201,878,545,909,551,919,534,890,518,0,0,0,0,0,0,159,53
8,國立中央大學,03 桃園市,進修部學制,碩士班,1343,854,489,310,221,333,151,99,56,72,35,40,26,0,0,0,0,0,0
9,國立中山大學,50 高雄市,日間部學制,博士班,779,542,237,116,49,104,42,87,45,88,29,50,33,48,20,49,19,0,0
9,國立中山大學,50 高雄市,日間部學制,碩士班,2975,1906,1069,788,443,702,354,285,180,131,92,0,0,0,0,0,0,0,0
9,國立中山大學,50 高雄市,日間部學制,學士班,4741,2919,1822,642,450,696,401,729,431,675,451,0,0,0,0,0,0,177,89
9,國立中山大學,50 高雄市,進修部學制,碩士班,1068,539,529,225,197,181,170,78,86,55,76,0,0,0,0,0,0,0,0
12,國立臺灣海洋大學,17 基隆市,日間部學制,博士班,332,247,85,40,23,53,16,37,17,34,3,23,10,24,6,36,10,0,0
12,國立臺灣海洋大學,17 基隆市,日間部學制,碩士班,1462,947,515,423,226,341,193,115,61,47,14,13,11,5,7,3,3,0,0
12,國立臺灣海洋大學,17 基隆市,日間部學制,學士班,5850,4039,1811,999,459,945,460,951,456,921,403,0,0,0,0,0,0,223,33
12,國立臺灣海洋大學,17 基隆市,進修部學制,碩士班,577,353,224,143,94,104,83,49,23,32,13,15,2,5,7,5,2,0,0
12,國立臺灣海洋大學,17 基隆市,進修學士班,學士班,494,288,206,79,45,60,56,44,40,67,54,0,0,0,0,0,0,38,11
13,國立中正大學,10 嘉義縣,日間部學制,博士班,607,403,204,69,42,59,31,58,35,61,27,59,27,46,19,51,23,0,0
13,國立中正大學,10 嘉義縣,日間部學制,碩士班,2796,1744,1052,710,387,648,369,267,198,118,92,1,6,0,0,0,0,0,0
13,國立中正大學,10 嘉義縣,日間部學制,學士班,6433,3504,2929,827,697,833,735,818,722,859,706,0,0,0,0,0,0,167,69
13,國立中正大學,10 嘉義縣,進修部學制,碩士班,1369,625,744,216,293,202,242,99,107,66,58,42,44,0,0,0,0,0,0
14,國立高雄師範大學,50 高雄市,日間部學制,博士班,450,215,235,31,42,33,29,42,34,37,40,24,37,22,27,26,26,0,0
14,國立高雄師範大學,50 高雄市,日間部學制,碩士班,1385,517,868,167,272,154,245,115,181,69,142,9,20,3,7,0,1,0,0
14,國立高雄師範大學,50 高雄市,日間部學制,學士班,3524,1731,1793,468,430,437,430,372,451,399,435,0,0,0,0,0,0,55,47
14,國立高雄師範大學,50 高雄市,進修部學制,碩士班,1331,449,882,150,287,143,248,90,178,32,74,23,47,11,48,0,0,0,0
15,國立彰化師範大學,07 彰化縣,日間部學制,博士班,494,297,197,51,35,49,27,52,35,48,24,35,28,28,25,34,23,0,0
15,國立彰化師範大學,07 彰化縣,日間部學制,碩士班,1600,815,785,315,279,279,245,151,151,68,106,2,4,0,0,0,0,0,0
15,國立彰化師範大學,07 彰化縣,日間部學制,學士班,4929,2591,2338,637,559,600,556,623,575,574,580,0,0,0,0,0,0,157,68
15,國立彰化師範大學,07 彰化縣,進修部學制,碩士班,1362,565,797,199,253,181,233,60,130,48,87,33,43,44,51,0,0,0,0
16,國立陽明大學,30 臺北市,日間部學制,博士班,878,516,362,93,83,90,61,71,55,83,46,67,47,51,33,61,37,0,0
16,國立陽明大學,30 臺北市,日間部學制,碩士班,1304,532,772,213,356,232,280,57,100,29,30,1,6,0,0,0,0,0,0
16,國立陽明大學,30 臺北市,日間部學制,學士班,2004,1095,909,199,221,222,177,211,181,217,183,122,68,102,63,2,0,20,16
16,國立陽明大學,30 臺北市,進修部學制,碩士班,150,46,104,17,35,16,31,10,21,2,12,1,5,0,0,0,0,0,0
17,國立臺北大學,01 新北市,日間部學制,博士班,214,142,72,33,8,22,13,18,13,25,11,13,11,9,8,22,8,0,0
17,國立臺北大學,01 新北市,日間部學制,碩士班,1354,708,646,273,232,234,239,115,105,77,64,9,6,0,0,0,0,0,0
17,國立臺北大學,01 新北市,日間部學制,學士班,5819,2629,3190,626,759,606,771,635,768,624,761,0,0,0,0,0,0,138,131
17,國立臺北大學,01 新北市,進修部學制,碩士班,522,268,254,117,104,94,95,33,33,20,15,4,7,0,0,0,0,0,0
17,國立臺北大學,01 新北市,進修學士班,學士班,2045,766,1279,224,346,179,300,155,270,148,288,0,1,0,0,0,0,60,74
18,國立嘉義大學,20 嘉義市,日間部學制,博士班,205,117,88,21,16,23,11,18,12,21,10,13,10,9,12,12,17,0,0
18,國立嘉義大學,20 嘉義市,日間部學制,碩士班,1309,624,685,235,252,204,207,93,116,92,110,0,0,0,0,0,0,0,0
18,國立嘉義大學,20 嘉義市,日間部學制,學士班,7495,3787,3708,905,917,908,897,892,883,916,886,24,37,0,0,0,0,142,88
18,國立嘉義大學,20 嘉義市,進修部學制,碩士班,890,338,552,120,192,126,154,44,101,48,105,0,0,0,0,0,0,0,0
18,國立嘉義大學,20 嘉義市,進修學士班,學士班,1986,1249,737,342,185,281,176,286,173,249,163,0,0,0,0,0,0,91,40
19,國立高雄大學,50 高雄市,日間部學制,博士班,30,27,3,5,1,6,1,5,0,5,0,3,0,0,0,3,1,0,0
19,國立高雄大學,50 高雄市,日間部學制,碩士班,635,417,218,161,88,150,78,67,32,39,20,0,0,0,0,0,0,0,0
19,國立高雄大學,50 高雄市,日間部學制,學士班,4345,2526,1819,658,447,626,453,553,439,569,421,0,0,0,0,0,0,120,59
19,國立高雄大學,50 高雄市,進修部學制,碩士班,486,299,187,94,80,91,42,51,33,35,14,18,12,10,6,0,0,0,0
19,國立高雄大學,50 高雄市,進修部在職專班,學士班,167,110,57,0,0,0,0,42,25,31,16,0,0,0,0,0,0,37,16
20,國立東華大學,15 花蓮縣,日間部學制,博士班,390,238,152,44,32,46,34,36,19,34,19,18,15,24,12,36,21,0,0
20,國立東華大學,15 花蓮縣,日間部學制,碩士班,1422,718,704,262,234,206,206,120,128,112,112,13,14,5,10,0,0,0,0
20,國立東華大學,15 花蓮縣,日間部學制,學士班,7559,3600,3959,878,996,787,944,858,929,808,937,0,0,0,0,0,0,269,153
20,國立東華大學,15 花蓮縣,進修部學制,碩士班,536,237,299,84,73,70,111,35,45,25,34,13,12,10,24,0,0,0,0
21,國立暨南國際大學,08 南投縣,日間部學制,博士班,336,170,166,33,28,21,30,31,26,29,24,14,17,14,20,28,21,0,0
21,國立暨南國際大學,08 南投縣,日間部學制,碩士班,858,411,447,148,137,123,139,81,91,47,64,2,8,10,8,0,0,0,0
21,國立暨南國際大學,08 南投縣,日間部學制,學士班,4490,2037,2453,490,544,454,611,496,587,493,614,0,0,0,0,0,0,104,97
21,國立暨南國際大學,08 南投縣,進修部學制,碩士班,424,175,249,56,92,55,63,26,39,23,30,10,13,5,12,0,0,0,0
22,國立臺灣科技大學,30 臺北市,日間部學制,博士班,1037,805,232,203,69,165,50,158,43,104,32,63,14,54,12,58,12,0,0
22,國立臺灣科技大學,30 臺北市,日間部學制,碩士班,3632,2486,1146,1178,542,1010,448,236,129,62,27,0,0,0,0,0,0,0,0
22,國立臺灣科技大學,30 臺北市,日間部學制,學士班,5629,3955,1674,940,435,944,383,937,405,944,376,0,0,0,0,0,0,190,75
22,國立臺灣科技大學,30 臺北市,日間部學制,學士班,177,78,99,0,0,0,0,33,39,42,54,0,0,0,0,0,0,3,6
22,國立臺灣科技大學,30 臺北市,進修部學制,博士班,1,1,0,0,0,0,0,0,0,0,0,0,0,0,0,1,0,0,0
22,國立臺灣科技大學,30 臺北市,進修部學制,碩士班,798,517,281,217,131,182,105,66,26,46,17,4,2,2,0,0,0,0,0
23,國立雲林科技大學,09 雲林縣,日間部學制,博士班,407,261,146,58,23,46,25,39,26,36,23,37,19,27,16,18,14,0,0
23,國立雲林科技大學,09 雲林縣,日間部學制,碩士班,1933,1227,706,540,294,461,275,168,101,58,36,0,0,0,0,0,0,0,0
23,國立雲林科技大學,09 雲林縣,日間部學制,學士班,6264,3764,2500,943,596,891,618,869,619,904,604,0,0,0,0,0,0,157,63
23,國立雲林科技大學,09 雲林縣,日間部學制,學士班,240,93,147,0,0,0,0,42,69,45,69,0,0,0,0,0,0,6,9
23,國立雲林科技大學,09 雲林縣,進修部學制,碩士班,746,412,334,178,137,133,114,56,41,35,30,10,12,0,0,0,0,0,0
23,國立雲林科技大學,09 雲林縣,進修部在職專班,學士班,126,52,74,18,26,15,25,19,23,0,0,0,0,0,0,0,0,0,0
24,國立屏東科技大學,13 屏東縣,日間部學制,博士班,259,168,91,29,24,27,13,22,13,25,14,14,9,19,7,32,11,0,0
24,國立屏東科技大學,13 屏東縣,日間部學制,碩士班,1128,645,483,282,199,244,201,87,56,28,25,2,2,2,0,0,0,0,0
24,國立屏東科技大學,13 屏東縣,日間部學制,學士班,7724,4112,3612,982,910,952,811,964,854,922,865,48,53,0,0,0,0,244,119
24,國立屏東科技大學,13 屏東縣,日間部學制,學士班,4,2,2,0,0,0,0,0,0,1,2,0,0,0,0,0,0,1,0
24,國立屏東科技大學,13 屏東縣,進修部學制,碩士班,303,210,93,70,40,75,42,33,6,16,2,7,1,9,2,0,0,0,0
24,國立屏東科技大學,13 屏東縣,進修部在職專班,學士班,1445,852,593,235,139,191,116,166,164,175,142,0,0,0,0,0,0,85,32
25,國立臺北科技大學,30 臺北市,日間部學制,博士班,760,596,164,112,36,113,29,85,21,76,22,60,15,55,15,95,26,0,0
25,國立臺北科技大學,30 臺北市,日間部學制,碩士班,2950,2144,806,940,378,947,342,209,64,48,22,0,0,0,0,0,0,0,0
25,國立臺北科技大學,30 臺北市,日間部學制,學士班,6074,4228,1846,1135,463,1027,461,1043,477,988,432,0,0,0,0,0,0,35,13
25,國立臺北科技大學,30 臺北市,日間部學制,學士班,151,65,86,0,0,0,0,33,43,32,43,0,0,0,0,0,0,0,0
25,國立臺北科技大學,30 臺北市,日間部學制,副學士,64,50,14,24,8,26,6,0,0,0,0,0,0,0,0,0,0,0,0
25,國立臺北科技大學,30 臺北市,進修部學制,碩士班,1503,1067,436,379,186,366,157,165,56,102,22,32,9,23,6,0,0,0,0
25,國立臺北科技大學,30 臺北市,進修部在職專班,學士班,1871,1585,286,369,61,378,64,424,80,368,75,0,0,0,0,0,0,46,6
25,國立臺北科技大學,30 臺北市,進修部在職專班,學士班,91,61,30,0,0,0,0,1,1,36,9,6,9,0,0,0,0,18,11
28,國立臺北藝術大學,30 臺北市,日間部學制,博士班,96,36,60,9,12,6,13,9,9,2,8,3,9,3,4,4,5,0,0
28,國立臺北藝術大學,30 臺北市,日間部學制,碩士班,979,354,625,98,183,99,177,82,152,75,113,0,0,0,0,0,0,0,0
28,國立臺北藝術大學,30 臺北市,日間部學制,學士班,1719,628,1091,141,252,128,232,140,228,122,264,0,0,0,0,0,0,97,115
28,國立臺北藝術大學,30 臺北市,日間部學制,副學士,74,27,47,14,16,7,16,6,15,0,0,0,0,0,0,0,0,0,0
28,國立臺北藝術大學,30 臺北市,進修部學制,碩士班,170,58,112,20,35,13,31,10,33,10,10,5,3,0,0,0,0,0,0
29,國立臺灣藝術大學,01 新北市,日間部學制,博士班,141,67,74,17,23,19,17,13,12,7,7,4,5,4,4,3,6,0,0
29,國立臺灣藝術大學,01 新北市,日間部學制,碩士班,727,266,461,72,154,73,135,72,103,49,69,0,0,0,0,0,0,0,0
29,國立臺灣藝術大學,01 新北市,日間部學制,學士班,2402,674,1728,144,395,148,376,136,394,152,391,0,0,0,0,0,0,94,172
29,國立臺灣藝術大學,01 新北市,進修部學制,碩士班,385,150,235,38,70,35,60,28,48,30,30,9,12,10,15,0,0,0,0
29,國立臺灣藝術大學,01 新北市,進修部在職專班,學士班,385,95,290,0,0,0,0,41,122,36,115,0,0,0,0,0,0,18,53
29,國立臺灣藝術大學,01 新北市,進修學士班,學士班,1561,495,1066,103,276,111,238,116,238,106,228,0,0,0,0,0,0,59,86
30,國立臺東大學,14 臺東縣,日間部學制,博士班,49,19,30,3,3,5,5,2,6,1,7,5,3,1,4,2,2,0,0
30,國立臺東大學,14 臺東縣,日間部學制,碩士班,343,144,199,55,67,39,58,29,46,18,23,3,5,0,0,0,0,0,0
30,國立臺東大學,14 臺東縣,日間部學制,學士班,3489,1731,1758,438,455,433,427,415,399,363,406,0,0,0,0,0,0,82,71
30,國立臺東大學,14 臺東縣,進修部學制,碩士班,549,136,413,54,160,39,145,18,54,6,26,11,12,7,10,1,6,0,0
30,國立臺東大學,14 臺東縣,進修部在職專班,學士班,40,28,12,0,0,0,0,22,5,6,7,0,0,0,0,0,0,0,0
30,國立臺東大學,14 臺東縣,進修學士班,學士班,252,105,147,47,78,20,17,19,32,16,18,0,0,0,0,0,0,3,2
31,國立宜蘭大學,02 宜蘭縣,日間部學制,博士班,8,5,3,2,1,1,2,0,0,2,0,0,0,0,0,0,0,0,0
31,國立宜蘭大學,02 宜蘭縣,日間部學制,碩士班,454,295,159,127,60,99,57,50,35,16,7,3,0,0,0,0,0,0,0
31,國立宜蘭大學,02 宜蘭縣,日間部學制,學士班,4356,2791,1565,663,409,647,410,682,359,698,362,0,0,0,0,0,0,101,25
31,國立宜蘭大學,02 宜蘭縣,進修部學制,碩士班,217,154,63,56,23,55,25,20,7,11,4,6,1,6,3,0,0,0,0
31,國立宜蘭大學,02 宜蘭縣,進修學士班,學士班,384,252,132,67,38,69,31,53,30,45,31,0,0,0,0,0,0,18,2
32,國立聯合大學,05 苗栗縣,日間部學制,博士班,14,14,0,3,0,3,0,2,0,3,0,1,0,1,0,1,0,0,0
32,國立聯合大學,05 苗栗縣,日間部學制,碩士班,453,330,123,131,46,124,41,47,22,24,11,4,3,0,0,0,0,0,0
32,國立聯合大學,05 苗栗縣,日間部學制,學士班,5881,4020,1861,1004,440,984,466,932,448,907,450,19,21,0,0,0,0,174,36
32,國立聯合大學,05 苗栗縣,進修部學制,碩士班,22,8,14,7,12,1,2,0,0,0,0,0,0,0,0,0,0,0,0
32,國立聯合大學,05 苗栗縣,進修學士班,學士班,1218,790,428,210,95,233,87,140,108,146,114,0,0,0,0,0,0,61,24
33,國立虎尾科技大學,09 雲林縣,日間部學制,博士班,37,33,4,7,0,9,0,7,1,5,1,2,1,1,0,2,1,0,0
33,國立虎尾科技大學,09 雲林縣,日間部學制,碩士班,859,693,166,341,76,291,76,41,10,20,4,0,0,0,0,0,0,0,0
33,國立虎尾科技大學,09 雲林縣,日間部學制,學士班,7216,5521,1695,1367,427,1351,403,1340,405,1257,423,0,0,0,0,0,0,206,37
33,國立虎尾科技大學,09 雲林縣,日間部學制,學士班,212,170,42,0,0,0,0,78,19,85,22,0,0,0,0,0,0,7,1
33,國立虎尾科技大學,09 雲林縣,日間部學制,副學士,30,28,2,28,2,0,0,0,0,0,0,0,0,0,0,0,0,0,0
33,國立虎尾科技大學,09 雲林縣,日間部學制,副學士,91,79,12,36,5,43,7,0,0,0,0,0,0,0,0,0,0,0,0
33,國立虎尾科技大學,09 雲林縣,進修部學制,碩士班,182,125,57,51,24,36,26,18,5,10,1,10,1,0,0,0,0,0,0
33,國立虎尾科技大學,09 雲林縣,進修部在職專班,學士班,2026,1620,406,547,123,362,112,324,80,328,77,0,0,0,0,0,0,59,14
33,國立虎尾科技大學,09 雲林縣,進修部在職專班,學士班,96,48,48,0,0,0,0,28,28,18,18,0,0,0,0,0,0,2,2
35,國立臺南藝術大學,11 臺南市,日間部學制,博士班,40,20,20,4,4,4,2,5,1,2,3,1,2,0,3,4,5,0,0
35,國立臺南藝術大學,11 臺南市,日間部學制,碩士班,560,184,376,50,94,38,107,44,83,52,88,0,2,0,1,0,1,0,0
35,國立臺南藝術大學,11 臺南市,日間部學制,學士班,789,248,541,56,129,59,125,56,124,57,136,0,0,0,0,0,0,20,27
35,國立臺南藝術大學,11 臺南市,日間部學制,副學士,165,60,105,24,34,20,34,16,37,0,0,0,0,0,0,0,0,0,0
35,國立臺南藝術大學,11 臺南市,進修部學制,碩士班,53,17,36,3,10,1,4,1,6,5,7,6,3,0,4,1,2,0,0
36,國立臺南大學,21 臺南市,日間部學制,博士班,172,73,99,12,18,6,16,13,16,8,15,14,17,11,3,9,14,0,0
36,國立臺南大學,21 臺南市,日間部學制,碩士班,896,386,510,151,164,117,149,68,103,50,88,0,6,0,0,0,0,0,0
36,國立臺南大學,21 臺南市,日間部學制,學士班,3826,1783,2043,428,497,425,485,427,505,429,499,0,0,0,0,0,0,74,57
36,國立臺南大學,21 臺南市,進修部學制,碩士班,661,219,442,74,148,77,142,41,70,20,54,4,23,3,4,0,1,0,0
36,國立臺南大學,21 臺南市,進修學士班,學士班,112,58,54,29,11,19,20,1,9,2,7,0,0,0,0,0,0,7,7
37,國立臺北教育大學,30 臺北市,日間部學制,博士班,147,71,76,12,12,9,13,16,13,7,9,10,11,5,10,12,8,0,0
37,國立臺北教育大學,30 臺北市,日間部學制,碩士班,1286,417,869,128,265,108,241,91,190,75,138,7,24,8,11,0,0,0,0
37,國立臺北教育大學,30 臺北市,日間部學制,學士班,3387,1118,2269,245,559,264,553,276,536,266,532,0,0,0,0,0,0,67,89
37,國立臺北教育大學,30 臺北市,進修部學制,碩士班,970,230,740,95,262,67,228,27,127,34,88,4,30,3,3,0,2,0,0
39,國立臺中教育大學,19 臺中市,日間部學制,博士班,114,45,69,4,13,4,12,7,8,7,9,10,7,4,7,9,13,0,0
39,國立臺中教育大學,19 臺中市,日間部學制,碩士班,821,273,548,91,175,81,171,42,109,52,65,3,19,4,9,0,0,0,0
39,國立臺中教育大學,19 臺中市,日間部學制,學士班,3229,1169,2060,291,486,268,504,287,511,275,503,0,0,0,0,0,0,48,56
39,國立臺中教育大學,19 臺中市,進修部學制,碩士班,765,180,585,47,199,50,178,36,95,28,78,12,21,6,14,1,0,0,0
42,國立澎湖科技大學,16 澎湖縣,日間部學制,碩士班,66,37,29,18,19,11,6,5,3,3,1,0,0,0,0,0,0,0,0
42,國立澎湖科技大學,16 澎湖縣,日間部學制,學士班,2639,1559,1080,406,262,367,265,368,240,348,295,0,0,0,0,0,0,70,18
42,國立澎湖科技大學,16 澎湖縣,日間部學制,副學士,25,21,4,11,2,10,2,0,0,0,0,0,0,0,0,0,0,0,0
42,國立澎湖科技大學,16 澎湖縣,進修部學制,碩士班,38,22,16,12,11,7,4,2,1,1,0,0,0,0,0,0,0,0,0
42,國立澎湖科技大學,16 澎湖縣,進修部在職專班,學士班,283,143,140,45,34,46,38,26,38,20,27,0,0,0,0,0,0,6,3
43,國立勤益科技大學,06 臺中市,日間部學制,博士班,27,22,5,9,2,1,1,1,1,3,0,2,1,3,0,3,0,0,0
43,國立勤益科技大學,06 臺中市,日間部學制,碩士班,583,460,123,214,52,180,53,52,16,14,2,0,0,0,0,0,0,0,0
43,國立勤益科技大學,06 臺中市,日間部學制,學士班,6600,4525,2075,1153,520,1132,530,1046,502,1002,486,0,0,0,0,0,0,192,37
43,國立勤益科技大學,06 臺中市,日間部學制,學士班,106,87,19,0,0,0,0,46,15,38,4,0,0,0,0,0,0,3,0
43,國立勤益科技大學,06 臺中市,進修部學制,碩士班,297,240,57,111,23,88,26,26,5,8,1,3,2,4,0,0,0,0,0
43,國立勤益科技大學,06 臺中市,進修部在職專班,學士班,3507,2920,587,811,141,654,139,680,144,620,119,0,0,0,0,0,0,155,44
43,國立勤益科技大學,06 臺中市,進修部在職專班,學士班,10,6,4,0,0,0,0,0,0,6,4,0,0,0,0,0,0,0,0
44,國立體育大學,03 桃園市,日間部學制,博士班,149,109,40,18,7,22,3,20,7,14,9,21,6,9,3,5,5,0,0
44,國立體育大學,03 桃園市,日間部學制,碩士班,349,187,162,67,72,68,38,36,31,16,21,0,0,0,0,0,0,0,0
44,國立體育大學,03 桃園市,日間部學制,學士班,1736,1075,661,264,162,255,151,234,157,221,150,0,0,0,0,0,0,101,41
44,國立體育大學,03 桃園市,進修部學制,碩士班,204,131,73,42,24,51,26,14,13,17,6,6,4,1,0,0,0,0,0
46,國立臺北護理健康大學,30 臺北市,日間部學制,博士班,67,7,60,3,12,1,12,3,15,0,7,0,7,0,4,0,3,0,0
46,國立臺北護理健康大學,30 臺北市,日間部學制,碩士班,537,91,446,35,151,29,144,18,87,9,64,0,0,0,0,0,0,0,0
46,國立臺北護理健康大學,30 臺北市,日間部學制,學士班,2837,726,2111,192,513,205,505,143,513,157,497,0,0,0,0,0,0,29,83
46,國立臺北護理健康大學,30 臺北市,日間部學制,學士班,870,78,792,0,0,0,0,45,398,31,379,0,0,0,0,0,0,2,15
46,國立臺北護理健康大學,30 臺北市,進修部學制,碩士班,195,29,166,9,53,10,53,6,35,4,25,0,0,0,0,0,0,0,0
46,國立臺北護理健康大學,30 臺北市,進修部在職專班,學士班,721,32,689,0,0,0,0,12,234,11,214,9,214,0,0,0,0,0,27
47,國立高雄餐旅大學,50 高雄市,日間部學制,博士班,38,18,20,7,4,2,5,1,4,3,0,1,1,3,5,1,1,0,0
47,國立高雄餐旅大學,50 高雄市,日間部學制,碩士班,167,56,111,22,48,23,41,7,18,3,4,1,0,0,0,0,0,0,0
47,國立高雄餐旅大學,50 高雄市,日間部學制,學士班,3109,933,2176,240,539,244,537,217,533,221,557,0,0,0,0,0,0,11,10
47,國立高雄餐旅大學,50 高雄市,日間部學制,學士班,82,16,66,0,0,0,0,8,31,8,34,0,0,0,0,0,0,0,1
47,國立高雄餐旅大學,50 高雄市,日間部學制,副學士,250,103,147,22,30,22,30,18,29,20,28,19,29,0,0,0,0,2,1
47,國立高雄餐旅大學,50 高雄市,進修部學制,碩士班,43,20,23,7,10,5,10,3,1,1,1,4,1,0,0,0,0,0,0
47,國立高雄餐旅大學,50 高雄市,進修部在職專班,學士班,1093,336,757,79,148,89,194,94,246,72,160,0,0,0,0,0,0,2,9
47,國立高雄餐旅大學,50 高雄市,進修部在職專班,學士班,252,68,184,0,0,0,0,32,77,35,106,0,0,0,0,0,0,1,1
47,國立高雄餐旅大學,50 高雄市,進修部在職專班,副學士,1,1,0,0,0,0,0,0,0,0,0,0,0,0,0,0,0,1,0
48,國立金門大學,71 金門縣,日間部學制,碩士班,210,136,74,73,29,29,27,21,13,13,5,0,0,0,0,0,0,0,0
48,國立金門大學,71 金門縣,日間部學制,學士班,3194,1640,1554,436,371,356,389,374,331,353,395,20,17,0,0,0,0,101,51
48,國立金門大學,71 金門縣,進修部學制,碩士班,99,77,22,32,11,39,9,5,1,1,1,0,0,0,0,0,0,0,0
48,國立金門大學,71 金門縣,進修學士班,學士班,884,521,363,166,98,123,91,108,80,90,77,0,0,0,0,0,0,34,17
49,國立臺灣體育運動大學,19 臺中市,日間部學制,碩士班,245,128,117,46,37,38,39,22,23,16,14,4,2,2,1,0,1,0,0
49,國立臺灣體育運動大學,19 臺中市,日間部學制,學士班,2371,1363,1008,349,242,299,254,304,234,303,222,0,0,0,0,0,0,108,56
49,國立臺灣體育運動大學,19 臺中市,進修部學制,碩士班,117,67,50,21,20,22,17,12,10,8,1,1,2,2,0,1,0,0,0
49,國立臺灣體育運動大學,19 臺中市,進修學士班,學士班,374,269,105,78,21,52,28,63,27,59,26,0,0,0,0,0,0,17,3
50,國立臺中科技大學,19 臺中市,日間部學制,碩士班,400,176,224,79,98,70,87,15,25,12,14,0,0,0,0,0,0,0,0
50,國立臺中科技大學,19 臺中市,日間部學制,學士班,5355,1637,3718,417,883,392,899,364,917,402,947,0,0,0,0,0,0,62,72
50,國立臺中科技大學,19 臺中市,日間部學制,學士班,1434,305,1129,0,0,0,0,138,525,145,545,0,0,0,0,0,0,22,59
50,國立臺中科技大學,19 臺中市,日間部學制,副學士,3453,839,2614,218,550,174,525,158,492,134,473,117,530,0,0,0,0,38,44
50,國立臺中科技大學,19 臺中市,進修部學制,碩士班,201,91,110,43,52,37,47,9,6,2,5,0,0,0,0,0,0,0,0
50,國立臺中科技大學,19 臺中市,進修部在職專班,學士班,2148,702,1446,187,362,161,363,147,363,167,281,0,0,0,0,0,0,40,77
50,國立臺中科技大學,19 臺中市,進修部在職專班,學士班,375,112,263,0,0,0,0,50,112,50,126,0,0,0,0,0,0,12,25
50,國立臺中科技大學,19 臺中市,進修部在職專班,副學士,1,0,1,0,0,0,0,0,0,0,0,0,0,0,0,0,0,0,1
51,國立臺北商業大學,30 臺北市,日間部學制,博士班,3,3,0,3,0,0,0,0,0,0,0,0,0,0,0,0,0,0,0
51,國立臺北商業大學,30 臺北市,日間部學制,碩士班,256,98,158,38,68,51,77,8,10,1,3,0,0,0,0,0,0,0,0
51,國立臺北商業大學,30 臺北市,日間部學制,學士班,2454,748,1706,195,423,188,398,183,443,166,412,0,0,0,0,0,0,16,30
51,國立臺北商業大學,30 臺北市,日間部學制,學士班,773,181,592,0,0,0,0,93,270,83,299,0,0,0,0,0,0,5,23
51,國立臺北商業大學,30 臺北市,日間部學制,副學士,1828,500,1328,96,260,115,229,90,266,77,265,97,274,0,0,0,0,25,34
51,國立臺北商業大學,30 臺北市,進修部學制,碩士班,44,21,23,12,12,7,8,2,3,0,0,0,0,0,0,0,0,0,0
51,國立臺北商業大學,30 臺北市,進修部在職專班,學士班,736,242,494,82,152,57,119,52,104,36,105,0,0,0,0,0,0,15,14
51,國立臺北商業大學,30 臺北市,進修部在職專班,學士班,667,195,472,0,0,0,0,109,220,70,224,0,0,0,0,0,0,16,28
52,國立屏東大學,13 屏東縣,日間部學制,博士班,48,21,27,5,5,3,5,4,5,4,2,1,7,2,2,2,1,0,0
52,國立屏東大學,13 屏東縣,日間部學制,碩士班,832,342,490,108,189,113,144,79,76,41,79,1,2,0,0,0,0,0,0
52,國立屏東大學,13 屏東縣,日間部學制,學士班,6658,2712,3946,652,924,629,970,649,972,662,965,0,0,0,0,0,0,120,115
52,國立屏東大學,13 屏東縣,進修部學制,碩士班,677,228,449,88,152,78,119,39,94,12,52,10,32,1,0,0,0,0,0
52,國立屏東大學,13 屏東縣,進修學士班,學士班,749,339,410,88,138,95,84,80,79,56,86,0,0,0,0,0,0,20,23
53,國立高雄科技大學,50 高雄市,日間部學制,博士班,548,447,101,91,28,75,13,72,20,53,19,60,13,41,3,55,5,0,0
53,國立高雄科技大學,50 高雄市,日間部學制,碩士班,2409,1613,796,679,326,704,292,156,123,71,54,3,1,0,0,0,0,0,0
53,國立高雄科技大學,50 高雄市,日間部學制,學士班,17287,10636,6651,2574,1664,2628,1547,2510,1613,2473,1668,0,0,0,0,0,0,451,159
53,國立高雄科技大學,50 高雄市,日間部學制,學士班,402,250,152,0,0,0,0,107,65,109,76,0,0,0,0,0,0,34,11
53,國立高雄科技大學,50 高雄市,日間部學制,副學士,701,583,118,150,33,181,35,80,18,78,16,78,15,0,0,0,0,16,1
53,國立高雄科技大學,50 高雄市,進修部學制,碩士班,2132,1422,710,596,347,520,276,149,38,92,25,35,18,30,6,0,0,0,0
53,國立高雄科技大學,50 高雄市,進修部在職專班,學士班,3703,2507,1196,679,342,588,306,602,261,470,232,0,0,0,0,0,0,168,55
53,國立高雄科技大學,50 高雄市,進修部在職專班,學士班,119,69,50,0,0,0,0,24,24,42,23,0,0,0,0,0,0,3,3
144,國立臺灣戲曲學院,30 臺北市,日間部學制,學士班,576,191,385,44,100,49,92,40,93,43,89,0,0,0,0,0,0,15,11
144,國立臺灣戲曲學院,30 臺北市,進修部在職專班,學士班,19,9,10,0,0,0,0,4,3,5,7,0,0,0,0,0,0,0,0
221,國立臺南護理專科學校,21 臺南市,日間部學制,副學士,117,6,111,4,52,2,58,0,0,0,0,0,0,0,0,0,0,0,1
221,國立臺南護理專科學校,21 臺南市,日間部學制,副學士,1797,135,1662,34,330,29,322,29,333,19,328,22,331,0,0,0,0,2,18
221,國立臺南護理專科學校,21 臺南市,進修部在職專班,副學士,25,2,23,1,0,1,23,0,0,0,0,0,0,0,0,0,0,0,0
222,國立臺東專科學校,14 臺東縣,日間部學制,副學士,589,434,155,218,76,199,78,0,0,0,0,0,0,0,0,0,0,17,1
222,國立臺東專科學校,14 臺東縣,日間部學制,副學士,414,187,227,34,21,23,34,27,56,35,58,55,50,0,0,0,0,13,8
222,國立臺東專科學校,14 臺東縣,進修部在職專班,副學士,117,68,49,45,30,20,13,0,0,0,0,0,0,0,0,0,0,3,6
1001,東海大學,19 臺中市,日間部學制,博士班,264,153,111,23,25,29,17,26,15,18,13,23,15,15,8,19,18,0,0
1001,東海大學,19 臺中市,日間部學制,碩士班,1234,614,620,228,247,179,176,116,119,85,75,2,0,4,3,0,0,0,0
1001,東海大學,19 臺中市,日間部學制,學士班,12993,5742,7251,1308,1851,1394,1794,1369,1687,1351,1686,19,15,0,0,0,0,301,218
1001,東海大學,19 臺中市,進修部學制,碩士班,741,359,382,128,142,107,113,38,52,33,27,28,24,25,24,0,0,0,0
1001,東海大學,19 臺中市,進修學士班,學士班,519,266,253,37,40,59,54,51,51,54,48,34,46,0,0,0,0,31,14
1002,輔仁大學,01 新北市,日間部學制,博士班,429,236,193,47,35,38,32,40,34,33,23,29,26,22,21,27,22,0,0
1002,輔仁大學,01 新北市,日間部學制,碩士班,2008,842,1166,312,443,262,341,164,205,101,173,1,1,2,3,0,0,0,0
1002,輔仁大學,01 新北市,日間部學制,學士班,17528,7402,10126,1669,2382,1733,2524,1743,2390,1733,2413,33,18,27,19,3,1,461,379
1002,輔仁大學,01 新北市,進修部學制,碩士班,1412,583,829,228,314,194,273,64,109,33,55,34,41,29,37,1,0,0,0
1002,輔仁大學,01 新北市,進修部在職專班,學士班,60,1,59,0,0,0,0,0,33,1,26,0,0,0,0,0,0,0,0
1002,輔仁大學,01 新北市,進修學士班,學士班,4272,1643,2629,410,642,355,604,341,552,352,590,0,0,0,0,0,0,185,241
1003,東吳大學,30 臺北市,日間部學制,博士班,121,64,57,10,12,7,5,11,8,11,9,7,9,9,8,9,6,0,0
1003,東吳大學,30 臺北市,日間部學制,碩士班,1252,541,711,162,241,165,190,108,140,102,133,4,7,0,0,0,0,0,0
1003,東吳大學,30 臺北市,日間部學制,學士班,11810,4648,7162,1094,1705,1047,1603,1037,1698,1044,1685,122,126,0,0,0,0,304,345
1003,東吳大學,30 臺北市,進修部學制,碩士班,1194,553,641,152,197,108,160,106,92,59,82,73,54,55,56,0,0,0,0
1003,東吳大學,30 臺北市,進修學士班,學士班,1066,365,701,101,165,87,128,63,122,59,136,39,121,0,0,0,0,16,29
1004,中原大學,03 桃園市,日間部學制,博士班,362,248,114,53,25,56,22,27,21,42,18,25,11,23,8,22,9,0,0
1004,中原大學,03 桃園市,日間部學制,碩士班,1591,912,679,401,287,337,220,113,91,60,79,1,1,0,1,0,0,0,0
1004,中原大學,03 桃園市,日間部學制,學士班,13421,7183,6238,1615,1521,1666,1479,1702,1404,1576,1447,72,89,0,0,0,0,552,298
1004,中原大學,03 桃園市,進修部學制,碩士班,843,501,342,164,136,135,120,87,37,53,16,35,16,27,17,0,0,0,0
1005,淡江大學,01 新北市,日間部學制,博士班,413,275,138,49,25,41,32,50,17,41,25,39,12,23,14,32,13,0,0
1005,淡江大學,01 新北市,日間部學制,碩士班,1671,976,695,402,250,340,237,150,123,84,85,0,0,0,0,0,0,0,0
1005,淡江大學,01 新北市,日間部學制,學士班,20273,10310,9963,2471,2333,2462,2394,2303,2379,2297,2458,31,28,0,0,0,0,746,371
1005,淡江大學,01 新北市,進修部學制,碩士班,849,443,406,147,139,159,139,51,48,41,33,22,24,23,23,0,0,0,0
1005,淡江大學,01 新北市,進修部在職專班,學士班,1,0,1,0,0,0,0,0,0,0,0,0,1,0,0,0,0,0,0
1005,淡江大學,01 新北市,進修學士班,學士班,1428,761,667,185,142,169,154,127,108,157,156,0,0,0,0,0,0,123,107
1006,中國文化大學,30 臺北市,日間部學制,博士班,529,336,193,40,23,38,18,38,28,44,21,36,28,41,25,99,50,0,0
1006,中國文化大學,30 臺北市,日間部學制,碩士班,1625,874,751,216,227,186,194,154,130,137,93,98,59,83,48,0,0,0,0
1006,中國文化大學,30 臺北市,日間部學制,學士班,20411,9930,10481,2368,2426,2178,2425,2131,2266,2183,2465,33,27,0,0,0,0,1037,872
1006,中國文化大學,30 臺北市,進修部學制,碩士班,720,281,439,66,107,67,128,49,63,38,55,31,52,30,34,0,0,0,0
1006,中國文化大學,30 臺北市,進修部在職專班,學士班,159,51,108,0,0,0,0,18,32,27,62,0,13,0,0,0,0,6,1
1006,中國文化大學,30 臺北市,進修學士班,學士班,1742,763,979,243,295,145,227,118,177,122,162,0,0,0,0,0,0,135,118
1007,逢甲大學,19 臺中市,日間部學制,博士班,413,309,104,51,14,52,21,60,22,52,16,37,15,23,11,34,5,0,0
1007,逢甲大學,19 臺中市,日間部學制,碩士班,1505,1021,484,436,211,403,201,133,46,48,26,1,0,0,0,0,0,0,0
1007,逢甲大學,19 臺中市,日間部學制,學士班,16756,10042,6714,2293,1722,2423,1671,2469,1583,2383,1564,62,58,0,0,0,0,412,116
1007,逢甲大學,19 臺中市,進修部學制,碩士班,1033,665,368,254,142,222,154,75,30,63,29,44,11,7,2,0,0,0,0
1007,逢甲大學,19 臺中市,進修學士班,學士班,837,505,332,108,60,117,86,114,72,110,78,0,0,0,0,0,0,56,36
1008,靜宜大學,06 臺中市,日間部學制,博士班,48,22,26,3,7,3,9,3,3,6,3,2,3,2,1,3,0,0,0
1008,靜宜大學,06 臺中市,日間部學制,碩士班,576,216,360,104,173,50,103,33,47,25,36,2,0,2,0,0,1,0,0
1008,靜宜大學,06 臺中市,日間部學制,學士班,11067,4197,6870,937,1686,996,1614,966,1633,954,1646,0,0,0,0,0,0,344,291
1008,靜宜大學,06 臺中市,進修部學制,碩士班,315,122,193,44,49,30,59,14,40,12,19,17,9,5,16,0,1,0,0
1008,靜宜大學,06 臺中市,進修學士班,學士班,1,1,0,0,0,0,0,0,0,0,0,0,0,0,0,0,0,1,0
1009,長庚大學,03 桃園市,日間部學制,博士班,472,325,147,53,19,37,25,44,22,47,22,41,19,35,16,68,24,0,0
1009,長庚大學,03 桃園市,日間部學制,碩士班,1074,551,523,249,204,182,169,78,80,38,51,2,10,2,9,0,0,0,0
1009,長庚大學,03 桃園市,日間部學制,學士班,5095,2510,2585,557,606,558,591,567,613,507,563,88,51,98,54,24,30,111,77
1009,長庚大學,03 桃園市,進修部學制,碩士班,193,95,98,33,40,31,31,12,7,3,3,6,12,10,5,0,0,0,0
1010,元智大學,03 桃園市,日間部學制,博士班,271,194,77,40,17,37,14,34,12,25,14,25,9,18,7,15,4,0,0
1010,元智大學,03 桃園市,日間部學制,碩士班,807,533,274,225,125,192,90,75,44,41,15,0,0,0,0,0,0,0,0
1010,元智大學,03 桃園市,日間部學制,學士班,7000,3956,3044,954,739,943,730,907,724,922,737,0,0,0,0,0,0,230,114
1010,元智大學,03 桃園市,進修部學制,碩士班,625,410,215,134,72,121,79,43,23,47,22,32,9,33,10,0,0,0,0
1011,中華大學,18 新竹市,日間部學制,博士班,87,61,26,12,5,9,6,8,5,6,3,11,2,9,4,6,1,0,0
1011,中華大學,18 新竹市,日間部學制,碩士班,438,263,175,146,122,68,31,33,11,16,10,0,1,0,0,0,0,0,0
1011,中華大學,18 新竹市,日間部學制,學士班,4397,2818,1579,688,354,722,412,455,287,632,417,23,23,0,0,0,0,298,86
1011,中華大學,18 新竹市,進修部學制,碩士班,162,106,56,61,38,26,12,8,2,10,4,1,0,0,0,0,0,0,0
1011,中華大學,18 新竹市,進修部在職專班,學士班,188,141,47,0,0,0,0,40,4,99,42,0,0,0,0,0,0,2,1
1011,中華大學,18 新竹市,進修學士班,學士班,199,131,68,60,30,21,9,12,4,21,18,0,0,0,0,0,0,17,7
1012,大葉大學,07 彰化縣,日間部學制,博士班,126,92,34,20,9,15,4,19,5,17,8,10,3,5,2,6,3,0,0
1012,大葉大學,07 彰化縣,日間部學制,碩士班,610,336,274,168,154,91,68,49,33,25,19,3,0,0,0,0,0,0,0
1012,大葉大學,07 彰化縣,日間部學制,學士班,7122,3755,3367,810,750,861,827,864,711,1007,948,0,0,0,0,0,0,213,131
1012,大葉大學,07 彰化縣,進修部學制,碩士班,376,140,236,91,171,32,42,5,13,7,4,2,3,3,3,0,0,0,0
1012,大葉大學,07 彰化縣,進修部在職專班,學士班,98,2,96,0,0,0,0,0,27,2,68,0,0,0,0,0,0,0,1
1012,大葉大學,07 彰化縣,進修學士班,學士班,834,458,376,117,98,71,63,88,85,144,114,0,0,0,0,0,0,38,16
1013,華梵大學,01 新北市,日間部學制,博士班,69,42,27,7,5,8,4,8,3,4,5,4,4,6,3,5,3,0,0
1013,華梵大學,01 新北市,日間部學制,碩士班,226,113,113,30,37,24,18,33,24,26,34,0,0,0,0,0,0,0,0
1013,華梵大學,01 新北市,日間部學制,學士班,1056,591,465,73,51,147,121,105,89,149,153,0,0,0,0,0,0,117,51
1013,華梵大學,01 新北市,進修部學制,碩士班,167,84,83,58,44,7,11,5,7,0,5,6,4,8,12,0,0,0,0
1014,義守大學,12 高雄市,日間部學制,博士班,154,114,40,11,9,22,8,25,9,18,5,11,5,16,2,11,2,0,0
1014,義守大學,12 高雄市,日間部學制,碩士班,388,227,161,85,62,75,61,33,24,34,14,0,0,0,0,0,0,0,0
1014,義守大學,12 高雄市,日間部學制,學士班,12238,6148,6090,1581,1518,1417,1555,1316,1395,1415,1395,28,21,0,0,0,0,391,206
1014,義守大學,12 高雄市,進修部學制,碩士班,369,264,105,108,48,65,39,58,9,18,3,7,2,8,4,0,0,0,0
1014,義守大學,12 高雄市,進修部在職專班,學士班,181,36,145,0,0,0,0,17,62,18,78,0,0,0,0,0,0,1,5
1014,義守大學,12 高雄市,進修學士班,學士班,1603,1114,489,292,162,210,67,315,122,247,123,0,0,0,0,0,0,50,15
1015,世新大學,30 臺北市,日間部學制,博士班,102,49,53,9,13,12,11,10,5,4,6,5,7,2,5,7,6,0,0
1015,世新大學,30 臺北市,日間部學制,碩士班,545,257,288,99,118,66,81,48,53,44,36,0,0,0,0,0,0,0,0
1015,世新大學,30 臺北市,日間部學制,學士班,9548,3406,6142,864,1451,803,1479,767,1536,798,1509,0,0,0,0,0,0,174,167
1015,世新大學,30 臺北市,進修部學制,碩士班,744,396,348,116,97,107,109,43,53,51,39,32,21,47,29,0,0,0,0
1015,世新大學,30 臺北市,進修學士班,學士班,448,174,274,37,76,59,72,45,53,26,51,0,0,0,0,0,0,7,22
1016,銘傳大學,30 臺北市,日間部學制,博士班,74,31,43,7,9,3,9,4,6,8,7,6,4,1,4,2,4,0,0
1016,銘傳大學,30 臺北市,日間部學制,碩士班,711,298,413,114,169,94,134,50,64,40,46,0,0,0,0,0,0,0,0
1016,銘傳大學,30 臺北市,日間部學制,學士班,17200,6759,10441,1620,2562,1605,2448,1478,2498,1524,2503,31,22,0,0,0,0,501,408
1016,銘傳大學,30 臺北市,進修部學制,碩士班,806,371,435,126,154,129,170,50,63,31,25,26,7,9,16,0,0,0,0
1017,實踐大學,30 臺北市,日間部學制,博士班,25,8,17,1,6,2,2,2,5,1,2,2,1,0,1,0,0,0,0
1017,實踐大學,30 臺北市,日間部學制,碩士班,410,188,222,66,65,58,69,36,48,27,40,1,0,0,0,0,0,0,0
1017,實踐大學,30 臺北市,日間部學制,學士班,10867,3498,7369,835,1873,770,1778,781,1607,809,1797,18,29,0,0,0,0,285,285
1017,實踐大學,30 臺北市,進修部學制,碩士班,117,43,74,12,24,13,28,10,10,5,10,3,2,0,0,0,0,0,0
1017,實踐大學,30 臺北市,進修部在職專班,學士班,122,24,98,0,0,0,0,16,44,8,41,0,0,0,0,0,0,0,13
1017,實踐大學,30 臺北市,進修學士班,學士班,2014,644,1370,188,350,137,274,128,294,133,336,0,0,0,0,0,0,58,116
1018,朝陽科技大學,06 臺中市,日間部學制,博士班,113,81,32,24,11,14,8,12,4,12,2,11,2,5,1,3,4,0,0
1018,朝陽科技大學,06 臺中市,日間部學制,碩士班,658,363,295,135,123,117,89,111,83,0,0,0,0,0,0,0,0,0,0
1018,朝陽科技大學,06 臺中市,日間部學制,學士班,11259,4757,6502,1136,1571,1209,1669,1113,1514,1110,1594,0,0,0,0,0,0,189,154
1018,朝陽科技大學,06 臺中市,日間部學制,學士班,78,26,52,0,0,0,0,17,37,7,15,0,0,0,0,0,0,2,0
1018,朝陽科技大學,06 臺中市,進修部學制,碩士班,368,193,175,60,51,57,43,76,81,0,0,0,0,0,0,0,0,0,0
1018,朝陽科技大學,06 臺中市,進修部在職專班,學士班,2888,1536,1352,413,367,364,306,309,293,348,312,0,0,0,0,0,0,102,74
1019,高雄醫學大學,50 高雄市,日間部學制,博士班,321,171,150,38,35,24,28,28,31,30,28,23,11,20,11,8,6,0,0
1019,高雄醫學大學,50 高雄市,日間部學制,碩士班,669,207,462,92,185,76,168,27,71,12,37,0,1,0,0,0,0,0,0
1019,高雄醫學大學,50 高雄市,日間部學制,學士班,5259,2266,2993,500,679,469,708,471,661,466,689,145,107,148,88,1,0,66,61
1019,高雄醫學大學,50 高雄市,進修部學制,碩士班,213,79,134,34,51,25,60,8,14,8,8,4,1,0,0,0,0,0,0
1019,高雄醫學大學,50 高雄市,進修部在職專班,學士班,25,0,25,0,0,0,0,0,0,0,12,0,12,0,0,0,0,0,1
1020,南華大學,10 嘉義縣,日間部學制,博士班,46,28,18,7,5,7,4,4,6,5,1,2,1,2,0,1,1,0,0
1020,南華大學,10 嘉義縣,日間部學制,碩士班,621,255,366,106,175,91,121,34,41,23,26,1,3,0,0,0,0,0,0
1020,南華大學,10 嘉義縣,日間部學制,學士班,4297,2050,2247,537,626,545,625,406,489,413,451,0,0,0,0,0,0,149,56
1020,南華大學,10 嘉義縣,進修部學制,碩士班,396,142,254,60,121,38,72,24,25,15,22,5,14,0,0,0,0,0,0
1020,南華大學,10 嘉義縣,進修學士班,學士班,330,204,126,70,34,42,25,44,30,34,31,0,0,0,0,0,0,14,6
1021,真理大學,01 新北市,日間部學制,碩士班,121,83,38,34,15,28,11,11,7,10,4,0,1,0,0,0,0,0,0
1021,真理大學,01 新北市,日間部學制,學士班,5345,2595,2750,661,720,618,788,510,472,579,665,0,0,0,0,0,0,227,105
1021,真理大學,01 新北市,進修部學制,碩士班,19,12,7,3,2,6,3,3,0,0,2,0,0,0,0,0,0,0,0
1021,真理大學,01 新北市,進修學士班,學士班,102,71,31,0,0,9,3,20,7,22,14,0,0,0,0,0,0,20,7
1022,大同大學,30 臺北市,日間部學制,博士班,109,65,44,16,7,9,13,12,4,8,6,5,5,9,6,6,3,0,0
1022,大同大學,30 臺北市,日間部學制,碩士班,289,230,59,89,26,93,28,31,4,17,1,0,0,0,0,0,0,0,0
1022,大同大學,30 臺北市,日間部學制,學士班,3572,2128,1444,528,331,509,354,473,363,490,357,0,0,0,0,0,0,128,39
1022,大同大學,30 臺北市,進修部學制,碩士班,197,146,51,37,10,35,16,26,10,24,8,24,7,0,0,0,0,0,0
1023,南臺科技大學,11 臺南市,日間部學制,博士班,99,77,22,15,5,18,7,15,4,10,2,3,2,7,1,9,1,0,0
1023,南臺科技大學,11 臺南市,日間部學制,碩士班,847,487,360,204,139,165,112,68,47,30,39,15,17,5,6,0,0,0,0
1023,南臺科技大學,11 臺南市,日間部學制,學士班,12720,7186,5534,1767,1327,1712,1381,1697,1318,1647,1327,0,0,0,0,0,0,363,181
1023,南臺科技大學,11 臺南市,日間部學制,學士班,123,39,84,0,0,0,0,6,32,31,49,0,0,0,0,0,0,2,3
1023,南臺科技大學,11 臺南市,日間部學制,副學士,177,160,17,63,8,67,6,0,0,10,2,18,1,0,0,0,0,2,0
1023,南臺科技大學,11 臺南市,進修部學制,碩士班,356,177,179,74,71,51,77,25,17,12,6,12,3,3,5,0,0,0,0
1023,南臺科技大學,11 臺南市,進修部在職專班,學士班,4116,2587,1529,686,406,598,357,549,332,571,327,0,0,0,0,0,0,183,107
1023,南臺科技大學,11 臺南市,進修部在職專班,學士班,125,56,69,0,0,0,0,14,35,38,28,0,0,0,0,0,0,4,6
1024,崑山科技大學,11 臺南市,日間部學制,博士班,37,29,8,5,3,6,1,5,3,5,1,3,0,3,0,2,0,0,0
1024,崑山科技大學,11 臺南市,日間部學制,碩士班,327,200,127,104,67,72,45,15,12,9,3,0,0,0,0,0,0,0,0
1024,崑山科技大學,11 臺南市,日間部學制,學士班,7588,4536,3052,1147,798,1114,798,980,669,1002,669,0,0,0,0,0,0,293,118
1024,崑山科技大學,11 臺南市,日間部學制,學士班,22,16,6,0,0,0,0,16,5,0,1,0,0,0,0,0,0,0,0
1024,崑山科技大學,11 臺南市,進修部學制,碩士班,162,114,48,64,21,44,23,3,1,3,3,0,0,0,0,0,0,0,0
1024,崑山科技大學,11 臺南市,進修部在職專班,學士班,2927,1951,976,485,236,410,172,424,260,474,254,0,0,0,0,0,0,158,54
1024,崑山科技大學,11 臺南市,進修部在職專班,學士班,207,122,85,0,0,0,0,63,58,57,27,0,0,0,0,0,0,2,0
1025,嘉南藥理大學,11 臺南市,日間部學制,碩士班,205,96,109,39,53,42,47,14,9,1,0,0,0,0,0,0,0,0,0
1025,嘉南藥理大學,11 臺南市,日間部學制,學士班,10134,4236,5898,930,1413,957,1459,1082,1373,1097,1547,0,0,0,0,0,0,170,106
1025,嘉南藥理大學,11 臺南市,日間部學制,學士班,99,15,84,0,0,0,0,8,34,7,49,0,0,0,0,0,0,0,1
1025,嘉南藥理大學,11 臺南市,日間部學制,副學士,4,2,2,0,0,0,0,0,0,2,2,0,0,0,0,0,0,0,0
1025,嘉南藥理大學,11 臺南市,進修部學制,碩士班,229,97,132,45,64,37,54,12,6,3,6,0,1,0,1,0,0,0,0
1025,嘉南藥理大學,11 臺南市,進修部在職專班,學士班,2156,1049,1107,351,323,214,246,209,244,190,230,0,0,0,0,0,0,85,64
1025,嘉南藥理大學,11 臺南市,進修部在職專班,學士班,312,67,245,0,0,0,0,30,132,33,110,0,0,0,0,0,0,4,3
1026,樹德科技大學,12 高雄市,日間部學制,博士班,36,16,20,3,3,4,0,0,2,0,6,9,9,0,0,0,0,0,0
1026,樹德科技大學,12 高雄市,日間部學制,碩士班,242,114,128,53,63,35,26,13,12,13,27,0,0,0,0,0,0,0,0
1026,樹德科技大學,12 高雄市,日間部學制,學士班,7658,3216,4442,772,1095,857,1193,667,1003,738,1015,0,0,0,0,0,0,182,136
1026,樹德科技大學,12 高雄市,日間部學制,學士班,19,4,15,0,0,0,0,3,4,1,11,0,0,0,0,0,0,0,0
1026,樹德科技大學,12 高雄市,進修部學制,碩士班,446,202,244,113,128,40,53,28,28,21,35,0,0,0,0,0,0,0,0
1026,樹德科技大學,12 高雄市,進修部在職專班,學士班,1515,881,634,372,226,194,133,152,117,117,127,0,0,0,0,0,0,46,31
1026,樹德科技大學,12 高雄市,進修部在職專班,學士班,576,227,349,0,0,0,0,101,173,116,166,0,0,0,0,0,0,10,10
1027,慈濟大學,15 花蓮縣,日間部學制,博士班,107,56,51,11,13,5,5,10,3,13,10,8,9,6,8,3,3,0,0
1027,慈濟大學,15 花蓮縣,日間部學制,碩士班,332,106,226,35,85,38,59,18,46,15,36,0,0,0,0,0,0,0,0
1027,慈濟大學,15 花蓮縣,日間部學制,學士班,2895,1109,1786,270,442,250,417,213,409,229,384,52,38,24,31,0,0,71,65
1027,慈濟大學,15 花蓮縣,進修部學制,碩士班,39,7,32,3,5,2,9,1,9,0,1,1,8,0,0,0,0,0,0
1028,臺北醫學大學,30 臺北市,日間部學制,博士班,512,285,227,66,52,66,54,43,35,50,36,27,19,14,15,19,16,0,0
1028,臺北醫學大學,30 臺北市,日間部學制,碩士班,642,240,402,107,173,100,152,23,49,10,28,0,0,0,0,0,0,0,0
1028,臺北醫學大學,30 臺北市,日間部學制,學士班,4470,1868,2602,381,559,351,587,386,561,368,554,161,126,160,133,2,0,59,82
1028,臺北醫學大學,30 臺北市,進修部學制,碩士班,287,90,197,40,73,28,59,16,40,6,25,0,0,0,0,0,0,0,0
1029,中山醫學大學,19 臺中市,日間部學制,博士班,189,115,74,22,14,19,15,24,14,15,12,11,8,14,5,10,6,0,0
1029,中山醫學大學,19 臺中市,日間部學制,碩士班,496,163,333,83,135,52,113,14,48,14,36,0,1,0,0,0,0,0,0
1029,中山醫學大學,19 臺中市,日間部學制,學士班,5910,2155,3755,466,912,436,850,430,874,475,885,118,88,154,71,4,2,72,73
1029,中山醫學大學,19 臺中市,進修部學制,碩士班,202,48,154,16,54,22,63,5,19,4,16,1,2,0,0,0,0,0,0
1029,中山醫學大學,19 臺中市,進修部在職專班,學士班,116,35,81,0,0,0,0,12,28,9,24,10,26,0,0,0,0,4,3
1030,龍華科技大學,03 桃園市,日間部學制,碩士班,267,196,71,76,28,67,25,27,9,26,9,0,0,0,0,0,0,0,0
1030,龍華科技大學,03 桃園市,日間部學制,學士班,6831,4443,2388,1094,597,1101,639,1044,530,957,526,0,0,0,0,0,0,247,96
1030,龍華科技大學,03 桃園市,日間部學制,學士班,40,21,19,0,0,0,0,21,14,0,4,0,0,0,0,0,0,0,1
1030,龍華科技大學,03 桃園市,日間部學制,副學士,397,344,53,140,16,125,17,19,4,32,12,28,4,0,0,0,0,0,0
1030,龍華科技大學,03 桃園市,進修部學制,碩士班,110,85,25,39,11,22,9,8,1,16,4,0,0,0,0,0,0,0,0
1030,龍華科技大學,03 桃園市,進修部在職專班,學士班,3685,2777,908,777,272,666,186,577,199,568,199,0,0,0,0,0,0,189,52
1031,輔英科技大學,12 高雄市,日間部學制,碩士班,138,47,91,22,38,17,29,5,19,3,4,0,1,0,0,0,0,0,0
1031,輔英科技大學,12 高雄市,日間部學制,學士班,3677,1480,2197,375,575,370,584,312,479,337,480,0,0,0,0,0,0,86,79
1031,輔英科技大學,12 高雄市,日間部學制,學士班,1556,170,1386,0,0,0,0,91,689,71,671,0,0,0,0,0,0,8,26
1031,輔英科技大學,12 高雄市,日間部學制,副學士,2659,305,2354,72,484,76,490,55,478,41,453,50,417,0,0,0,0,11,32
1031,輔英科技大學,12 高雄市,進修部學制,碩士班,117,8,109,0,24,5,38,3,37,0,6,0,4,0,0,0,0,0,0
1031,輔英科技大學,12 高雄市,進修部在職專班,學士班,607,424,183,150,94,113,25,88,20,50,35,0,0,0,0,0,0,23,9
1031,輔英科技大學,12 高雄市,進修部在職專班,學士班,778,156,622,0,0,0,0,69,309,57,238,14,21,0,0,0,0,16,54
1032,明新科技大學,04 新竹縣,日間部學制,碩士班,236,157,79,61,36,47,24,36,9,13,10,0,0,0,0,0,0,0,0
1032,明新科技大學,04 新竹縣,日間部學制,學士班,8117,5011,3106,1078,709,1415,937,1127,699,1117,678,0,0,0,0,0,0,274,83
1032,明新科技大學,04 新竹縣,日間部學制,學士班,21,10,11,0,0,0,0,0,0,10,11,0,0,0,0,0,0,0,0
1032,明新科技大學,04 新竹縣,日間部學制,副學士,34,31,3,24,2,7,1,0,0,0,0,0,0,0,0,0,0,0,0
1032,明新科技大學,04 新竹縣,進修部學制,碩士班,345,253,92,89,55,82,27,37,4,21,4,16,1,8,1,0,0,0,0
1032,明新科技大學,04 新竹縣,進修部在職專班,學士班,3089,1929,1160,495,297,459,251,411,259,376,273,0,0,0,0,0,0,188,80
1032,明新科技大學,04 新竹縣,進修部在職專班,學士班,277,125,152,0,0,0,0,80,127,45,25,0,0,0,0,0,0,0,0
1032,明新科技大學,04 新竹縣,進修部在職專班,副學士,38,24,14,9,4,14,9,0,0,0,0,0,0,0,0,0,0,1,1
1033,長榮大學,11 臺南市,日間部學制,博士班,38,27,11,7,2,4,3,7,1,6,0,3,2,0,2,0,1,0,0
1033,長榮大學,11 臺南市,日間部學制,碩士班,324,112,212,35,72,36,55,25,35,15,43,1,7,0,0,0,0,0,0
1033,長榮大學,11 臺南市,日間部學制,學士班,7576,3202,4374,767,1065,762,1207,722,904,765,1080,0,0,0,0,0,0,186,118
1033,長榮大學,11 臺南市,進修部學制,碩士班,99,50,49,35,26,9,12,3,6,3,0,0,5,0,0,0,0,0,0
1033,長榮大學,11 臺南市,進修學士班,學士班,572,362,210,184,116,50,24,59,28,56,37,0,0,0,0,0,0,13,5
1034,弘光科技大學,06 臺中市,日間部學制,博士班,13,1,12,0,3,0,3,1,3,0,3,0,0,0,0,0,0,0,0
1034,弘光科技大學,06 臺中市,日間部學制,碩士班,184,53,131,19,51,20,43,12,17,2,20,0,0,0,0,0,0,0,0
1034,弘光科技大學,06 臺中市,日間部學制,學士班,7294,2662,4632,619,1157,667,1161,618,1104,611,1081,0,0,0,0,0,0,147,129
1034,弘光科技大學,06 臺中市,日間部學制,學士班,707,32,675,0,0,0,0,17,334,14,339,0,0,0,0,0,0,1,2
1034,弘光科技大學,06 臺中市,日間部學制,副學士,256,27,229,9,43,9,43,3,49,3,48,3,45,0,0,0,0,0,1
1034,弘光科技大學,06 臺中市,進修部學制,碩士班,96,18,78,4,24,7,19,3,20,4,9,0,6,0,0,0,0,0,0
1034,弘光科技大學,06 臺中市,進修部在職專班,學士班,3314,1500,1814,421,496,337,428,320,382,306,400,9,23,0,0,0,0,107,85
1034,弘光科技大學,06 臺中市,進修部在職專班,學士班,765,44,721,0,0,0,0,15,260,20,311,9,144,0,0,0,0,0,6
1034,弘光科技大學,06 臺中市,進修部在職專班,副學士,150,24,126,9,65,13,52,0,0,0,0,0,0,0,0,0,0,2,9
1035,中國醫藥大學,19 臺中市,日間部學制,博士班,390,228,162,46,34,44,28,44,30,39,27,23,18,15,14,17,11,0,0
1035,中國醫藥大學,19 臺中市,日間部學制,碩士班,491,186,305,80,151,78,110,21,30,7,14,0,0,0,0,0,0,0,0
1035,中國醫藥大學,19 臺中市,日間部學制,學士班,6228,2730,3498,477,763,519,725,505,726,544,725,331,294,180,135,115,71,59,59
1035,中國醫藥大學,19 臺中市,進修部學制,碩士班,90,31,59,14,26,12,27,4,5,1,1,0,0,0,0,0,0,0,0
1035,中國醫藥大學,19 臺中市,進修部在職專班,學士班,13,1,12,0,0,0,0,0,0,0,0,1,10,0,0,0,0,0,2
1036,健行科技大學,03 桃園市,日間部學制,碩士班,287,193,94,106,63,66,19,11,4,9,8,1,0,0,0,0,0,0,0
1036,健行科技大學,03 桃園市,日間部學制,學士班,6933,4646,2287,1188,517,1392,665,968,520,847,498,0,0,0,0,0,0,251,87
1036,健行科技大學,03 桃園市,日間部學制,學士班,57,28,29,0,0,0,0,4,6,23,21,0,0,0,0,0,0,1,2
1036,健行科技大學,03 桃園市,日間部學制,副學士,25,24,1,0,0,0,0,0,0,0,0,24,1,0,0,0,0,0,0
1036,健行科技大學,03 桃園市,進修部學制,碩士班,45,30,15,12,8,10,4,3,1,4,2,1,0,0,0,0,0,0,0
1036,健行科技大學,03 桃園市,進修部在職專班,學士班,3774,2406,1368,670,475,618,317,620,332,398,206,0,0,0,0,0,0,100,38
1036,健行科技大學,03 桃園市,進修部在職專班,學士班,148,74,74,0,0,0,0,42,34,30,38,0,0,0,0,0,0,2,2
1037,正修科技大學,12 高雄市,日間部學制,博士班,12,12,0,3,0,3,0,1,0,2,0,2,0,1,0,0,0,0,0
1037,正修科技大學,12 高雄市,日間部學制,碩士班,365,209,156,91,78,81,66,26,12,11,0,0,0,0,0,0,0,0,0
1037,正修科技大學,12 高雄市,日間部學制,學士班,8632,5136,3496,1318,853,1397,906,1109,807,1113,852,0,0,0,0,0,0,199,78
1037,正修科技大學,12 高雄市,日間部學制,學士班,84,54,30,0,0,0,0,54,30,0,0,0,0,0,0,0,0,0,0
1037,正修科技大學,12 高雄市,日間部學制,副學士,129,103,26,51,9,52,17,0,0,0,0,0,0,0,0,0,0,0,0
1037,正修科技大學,12 高雄市,進修部學制,碩士班,208,140,68,74,33,59,31,7,4,0,0,0,0,0,0,0,0,0,0
1037,正修科技大學,12 高雄市,進修部在職專班,學士班,5370,3493,1877,1042,503,803,460,672,396,685,411,0,0,0,0,0,0,291,107
1037,正修科技大學,12 高雄市,進修部在職專班,學士班,1979,1055,924,0,0,0,0,545,479,497,430,0,0,0,0,0,0,13,15
1037,正修科技大學,12 高雄市,進修部在職專班,副學士,210,145,65,47,27,93,38,0,0,0,0,0,0,0,0,0,0,5,0
1038,萬能科技大學,03 桃園市,日間部學制,碩士班,144,68,76,25,31,26,21,15,21,2,3,0,0,0,0,0,0,0,0
1038,萬能科技大學,03 桃園市,日間部學制,學士班,6150,3319,2831,836,735,912,739,735,627,646,633,0,0,0,0,0,0,190,97
1038,萬能科技大學,03 桃園市,進修部學制,碩士班,102,49,53,40,40,5,11,3,1,1,1,0,0,0,0,0,0,0,0
1038,萬能科技大學,03 桃園市,進修部在職專班,學士班,3064,1706,1358,525,364,410,315,479,367,252,282,0,0,0,0,0,0,40,30
1038,萬能科技大學,03 桃園市,進修部在職專班,學士班,659,359,300,0,0,0,0,327,258,29,41,0,0,0,0,0,0,3,1
1039,玄奘大學,18 新竹市,日間部學制,博士班,3,1,2,0,0,0,0,0,0,0,0,0,0,0,0,1,2,0,0
1039,玄奘大學,18 新竹市,日間部學制,碩士班,258,94,164,28,58,17,43,27,30,22,31,0,2,0,0,0,0,0,0
1039,玄奘大學,18 新竹市,日間部學制,學士班,2327,991,1336,208,295,198,293,234,300,247,384,0,0,0,0,0,0,104,64
1039,玄奘大學,18 新竹市,進修部學制,碩士班,142,48,94,13,24,10,22,12,22,7,14,6,11,0,0,0,1,0,0
1039,玄奘大學,18 新竹市,進修學士班,學士班,159,67,92,0,0,11,12,12,19,26,43,0,0,0,0,0,0,18,18
1040,建國科技大學,07 彰化縣,日間部學制,碩士班,174,104,70,52,32,37,28,11,8,4,2,0,0,0,0,0,0,0,0
1040,建國科技大學,07 彰化縣,日間部學制,學士班,4683,3120,1563,719,348,940,421,630,344,703,377,0,0,0,0,0,0,128,73
1040,建國科技大學,07 彰化縣,日間部學制,學士班,1,1,0,0,0,0,0,0,0,1,0,0,0,0,0,0,0,0,0
1040,建國科技大學,07 彰化縣,進修部在職專班,學士班,2192,1663,529,555,158,363,126,373,124,325,114,0,0,0,0,0,0,47,7
1040,建國科技大學,07 彰化縣,進修部在職專班,學士班,223,133,90,0,0,0,0,52,55,80,34,0,0,0,0,0,0,1,1
1041,明志科技大學,01 新北市,日間部學制,博士班,18,15,3,5,1,4,0,5,2,1,0,0,0,0,0,0,0,0,0
1041,明志科技大學,01 新北市,日間部學制,碩士班,463,337,126,150,49,129,53,36,18,22,5,0,0,0,0,0,1,0,0
1041,明志科技大學,01 新北市,日間部學制,學士班,3574,2581,993,647,252,634,231,606,240,592,246,0,0,0,0,0,0,102,24
1041,明志科技大學,01 新北市,進修部學制,碩士班,29,21,8,8,2,6,5,3,1,1,0,1,0,2,0,0,0,0,0
1041,明志科技大學,01 新北市,進修部在職專班,學士班,488,421,67,114,5,115,6,101,16,71,34,0,0,0,0,0,0,20,6
1042,高苑科技大學,12 高雄市,日間部學制,碩士班,60,42,18,12,10,19,7,8,1,3,0,0,0,0,0,0,0,0,0
1042,高苑科技大學,12 高雄市,日間部學制,學士班,2342,1669,673,354,206,466,173,259,94,462,165,0,0,0,0,0,0,128,35
1042,高苑科技大學,12 高雄市,進修部學制,碩士班,162,122,40,56,21,54,15,3,3,7,0,2,0,0,1,0,0,0,0
1042,高苑科技大學,12 高雄市,進修部在職專班,學士班,1152,910,242,210,31,172,44,229,52,228,85,0,0,0,0,0,0,71,30
1043,大仁科技大學,13 屏東縣,日間部學制,碩士班,66,29,37,18,19,8,15,1,3,2,0,0,0,0,0,0,0,0,0
1043,大仁科技大學,13 屏東縣,日間部學制,學士班,3801,1788,2013,441,469,404,433,366,424,395,480,76,124,0,0,0,0,106,83
1043,大仁科技大學,13 屏東縣,進修部學制,碩士班,143,65,78,42,54,19,18,4,6,0,0,0,0,0,0,0,0,0,0
1043,大仁科技大學,13 屏東縣,進修部在職專班,學士班,416,258,158,45,34,58,16,67,42,63,56,0,0,0,0,0,0,25,10
1043,大仁科技大學,13 屏東縣,進修部在職專班,學士班,1351,461,890,0,0,0,0,274,535,172,332,0,0,0,0,0,0,15,23
1044,聖約翰科技大學,01 新北市,日間部學制,碩士班,109,86,23,26,5,35,12,13,4,12,2,0,0,0,0,0,0,0,0
1044,聖約翰科技大學,01 新北市,日間部學制,學士班,2113,1430,683,181,107,264,129,342,194,504,194,0,0,0,0,0,0,139,59
1044,聖約翰科技大學,01 新北市,日間部學制,副學士,340,267,73,45,8,50,10,56,17,60,19,56,19,0,0,0,0,0,0
1044,聖約翰科技大學,01 新北市,進修部學制,碩士班,130,92,38,58,24,32,12,2,1,0,1,0,0,0,0,0,0,0,0
1044,聖約翰科技大學,01 新北市,進修部在職專班,學士班,352,277,75,151,26,85,34,6,3,33,9,0,0,0,0,0,0,2,3
1044,聖約翰科技大學,01 新北市,進修部在職專班,副學士,29,8,21,8,21,0,0,0,0,0,0,0,0,0,0,0,0,0,0
1045,嶺東科技大學,19 臺中市,日間部學制,碩士班,229,98,131,44,68,38,37,11,21,5,5,0,0,0,0,0,0,0,0
1045,嶺東科技大學,19 臺中市,日間部學制,學士班,7328,2766,4562,630,1213,707,1142,617,1099,662,1022,0,0,0,0,0,0,150,86
1045,嶺東科技大學,19 臺中市,日間部學制,學士班,8,4,4,0,0,0,0,2,4,2,0,0,0,0,0,0,0,0,0
1045,嶺東科技大學,19 臺中市,進修部學制,碩士班,160,111,49,64,37,39,11,8,1,0,0,0,0,0,0,0,0,0,0
1045,嶺東科技大學,19 臺中市,進修部在職專班,學士班,2726,1398,1328,410,385,327,290,308,276,259,302,0,0,0,0,0,0,94,75
1046,中國科技大學,30 臺北市,日間部學制,碩士班,155,89,66,36,35,31,25,12,4,10,2,0,0,0,0,0,0,0,0
1046,中國科技大學,30 臺北市,日間部學制,學士班,7251,3203,4048,767,926,753,938,715,853,805,1141,0,0,0,0,0,0,163,190
1046,中國科技大學,30 臺北市,進修部學制,碩士班,88,64,24,26,15,34,7,2,1,2,1,0,0,0,0,0,0,0,0
1046,中國科技大學,30 臺北市,進修部在職專班,學士班,1490,849,641,272,162,139,105,161,117,197,187,0,0,0,0,0,0,80,70
1046,中國科技大學,30 臺北市,進修部在職專班,學士班,73,65,8,0,0,0,0,22,0,43,8,0,0,0,0,0,0,0,0
1046,中國科技大學,30 臺北市,進修部在職專班,副學士,22,21,1,0,0,21,1,0,0,0,0,0,0,0,0,0,0,0,0
1047,中臺科技大學,19 臺中市,日間部學制,博士班,14,10,4,1,1,2,1,3,1,1,0,1,0,1,1,1,0,0,0
1047,中臺科技大學,19 臺中市,日間部學制,碩士班,107,28,79,16,38,9,23,1,10,2,7,0,1,0,0,0,0,0,0
1047,中臺科技大學,19 臺中市,日間部學制,學士班,4931,2038,2893,490,714,495,719,412,655,491,679,0,0,0,0,0,0,150,126
1047,中臺科技大學,19 臺中市,日間部學制,學士班,478,77,401,0,0,0,0,41,217,34,180,0,0,0,0,0,0,2,4
1047,中臺科技大學,19 臺中市,日間部學制,副學士,43,19,24,9,11,10,13,0,0,0,0,0,0,0,0,0,0,0,0
1047,中臺科技大學,19 臺中市,進修部學制,碩士班,286,60,226,23,85,25,61,6,48,6,32,0,0,0,0,0,0,0,0
1047,中臺科技大學,19 臺中市,進修部在職專班,學士班,1640,584,1056,183,299,122,239,107,200,109,217,18,50,0,0,0,0,45,51
1047,中臺科技大學,19 臺中市,進修部在職專班,學士班,903,103,800,0,0,0,0,34,347,33,253,15,39,0,0,0,0,21,161
1048,亞洲大學,06 臺中市,日間部學制,博士班,241,152,89,41,24,36,21,21,13,26,8,9,8,10,9,9,6,0,0
1048,亞洲大學,06 臺中市,日間部學制,碩士班,640,281,359,139,167,75,106,38,45,29,41,0,0,0,0,0,0,0,0
1048,亞洲大學,06 臺中市,日間部學制,學士班,9490,3376,6114,779,1540,813,1481,804,1468,817,1470,0,0,0,0,0,0,163,155
1048,亞洲大學,06 臺中市,進修部學制,碩士班,408,193,215,118,133,58,60,13,14,4,8,0,0,0,0,0,0,0,0
1048,亞洲大學,06 臺中市,進修學士班,學士班,910,426,484,104,128,102,136,73,71,86,121,0,0,0,0,0,0,61,28
1049,開南大學,03 桃園市,日間部學制,碩士班,220,89,131,29,74,26,29,21,11,13,17,0,0,0,0,0,0,0,0
1049,開南大學,03 桃園市,日間部學制,學士班,4300,2060,2240,452,537,463,484,457,458,465,572,0,0,0,0,0,0,223,189
1049,開南大學,03 桃園市,進修部學制,碩士班,321,173,148,88,98,42,31,19,5,12,4,6,6,6,4,0,0,0,0
1049,開南大學,03 桃園市,進修學士班,學士班,1053,590,463,197,151,123,96,106,97,114,103,0,0,0,0,0,0,50,16
1050,佛光大學,02 宜蘭縣,日間部學制,博士班,65,27,38,5,5,3,9,3,5,2,6,6,5,6,3,2,5,0,0
1050,佛光大學,02 宜蘭縣,日間部學制,碩士班,441,166,275,68,111,35,57,32,42,30,63,1,1,0,1,0,0,0,0
1050,佛光大學,02 宜蘭縣,日間部學制,學士班,2890,1338,1552,324,412,299,386,297,333,334,369,0,0,0,0,0,0,84,52
1050,佛光大學,02 宜蘭縣,進修部學制,碩士班,154,90,64,33,34,13,16,14,4,16,5,13,5,1,0,0,0,0,0
1051,台南應用科技大學,11 臺南市,日間部學制,碩士班,99,28,71,16,19,9,33,2,13,1,6,0,0,0,0,0,0,0,0
1051,台南應用科技大學,11 臺南市,日間部學制,學士班,7994,2396,5598,636,1441,599,1412,551,1353,534,1291,0,0,0,0,0,0,76,101
1051,台南應用科技大學,11 臺南市,日間部學制,學士班,538,102,436,0,0,0,0,35,199,57,209,0,0,0,0,0,0,10,28
1051,台南應用科技大學,11 臺南市,日間部學制,副學士,1080,240,840,54,149,53,164,50,182,45,183,38,162,0,0,0,0,0,0
1051,台南應用科技大學,11 臺南市,進修部學制,碩士班,115,26,89,8,28,11,32,5,14,0,8,2,7,0,0,0,0,0,0
1051,台南應用科技大學,11 臺南市,進修部在職專班,學士班,2632,987,1645,340,521,239,388,172,325,192,352,0,0,0,0,0,0,44,59
1051,台南應用科技大學,11 臺南市,進修部在職專班,學士班,256,42,214,0,0,0,0,23,108,17,93,0,0,0,0,0,0,2,13
1052,遠東科技大學,11 臺南市,日間部學制,碩士班,245,134,111,67,39,44,66,16,4,7,2,0,0,0,0,0,0,0,0
1052,遠東科技大學,11 臺南市,日間部學制,學士班,3748,2504,1244,520,254,604,306,581,259,611,333,0,0,0,0,0,0,188,92
1052,遠東科技大學,11 臺南市,進修部學制,碩士班,39,37,2,13,0,11,2,5,0,1,0,2,0,5,0,0,0,0,0
1052,遠東科技大學,11 臺南市,進修部在職專班,學士班,790,569,221,140,44,118,46,106,40,185,87,0,0,0,0,0,0,20,4
1052,遠東科技大學,11 臺南市,進修部在職專班,學士班,84,80,4,0,0,0,0,35,3,42,1,0,0,0,0,0,0,3,0
1052,遠東科技大學,11 臺南市,進修部在職專班,副學士,36,31,5,14,4,17,1,0,0,0,0,0,0,0,0,0,0,0,0
1053,元培醫事科技大學,18 新竹市,日間部學制,碩士班,249,122,127,58,57,35,39,20,23,9,8,0,0,0,0,0,0,0,0
1053,元培醫事科技大學,18 新竹市,日間部學制,學士班,3921,1750,2171,441,576,435,540,355,431,373,533,0,0,0,0,0,0,146,91
1053,元培醫事科技大學,18 新竹市,日間部學制,學士班,96,5,91,0,0,0,0,2,47,3,44,0,0,0,0,0,0,0,0
1053,元培醫事科技大學,18 新竹市,日間部學制,副學士,35,27,8,0,0,27,8,0,0,0,0,0,0,0,0,0,0,0,0
1053,元培醫事科技大學,18 新竹市,進修部學制,碩士班,48,14,34,3,13,5,16,3,3,3,2,0,0,0,0,0,0,0,0
1053,元培醫事科技大學,18 新竹市,進修部在職專班,學士班,1337,707,630,279,209,168,164,126,137,98,116,0,0,0,0,0,0,36,4
1053,元培醫事科技大學,18 新竹市,進修部在職專班,學士班,520,132,388,0,0,0,0,56,153,72,222,0,0,0,0,0,0,4,13
1054,景文科技大學,01 新北市,日間部學制,碩士班,45,32,13,12,5,17,6,2,2,1,0,0,0,0,0,0,0,0,0
1054,景文科技大學,01 新北市,日間部學制,學士班,5070,2281,2789,533,782,587,712,550,617,430,521,0,0,0,0,0,0,181,157
1054,景文科技大學,01 新北市,日間部學制,學士班,2,1,1,0,0,0,0,0,0,1,1,0,0,0,0,0,0,0,0
1054,景文科技大學,01 新北市,進修部學制,碩士班,47,29,18,14,12,12,5,1,1,2,0,0,0,0,0,0,0,0,0
1054,景文科技大學,01 新北市,進修部在職專班,學士班,1343,695,648,254,223,117,115,137,146,162,143,0,0,0,0,0,0,25,21
1054,景文科技大學,01 新北市,進修部在職專班,學士班,342,150,192,0,0,0,0,103,107,44,84,0,0,0,0,0,0,3,1
1055,中華醫事科技大學,11 臺南市,日間部學制,碩士班,96,48,48,24,24,19,22,5,2,0,0,0,0,0,0,0,0,0,0
1055,中華醫事科技大學,11 臺南市,日間部學制,學士班,3585,1445,2140,224,479,424,628,347,521,347,455,0,0,0,0,0,0,103,57
1055,中華醫事科技大學,11 臺南市,日間部學制,學士班,706,188,518,0,0,0,0,93,267,92,249,0,0,0,0,0,0,3,2
1055,中華醫事科技大學,11 臺南市,日間部學制,副學士,93,58,35,23,22,35,13,0,0,0,0,0,0,0,0,0,0,0,0
1055,中華醫事科技大學,11 臺南市,日間部學制,副學士,3057,685,2372,137,487,150,491,150,529,130,458,108,382,0,0,0,0,10,25
1055,中華醫事科技大學,11 臺南市,進修部學制,碩士班,27,14,13,6,8,6,5,0,0,2,0,0,0,0,0,0,0,0,0
1055,中華醫事科技大學,11 臺南市,進修部在職專班,學士班,770,321,449,100,150,64,86,56,78,63,89,4,18,0,0,0,0,34,28
1055,中華醫事科技大學,11 臺南市,進修部在職專班,學士班,656,173,483,0,0,0,0,80,243,79,220,0,0,0,0,0,0,14,20
1056,東南科技大學,01 新北市,日間部學制,碩士班,129,91,38,40,16,40,22,5,0,6,0,0,0,0,0,0,0,0,0
1056,東南科技大學,01 新北市,日間部學制,學士班,4757,3141,1616,858,446,821,405,630,310,635,367,0,0,0,0,0,0,197,88
1056,東南科技大學,01 新北市,進修部學制,碩士班,48,40,8,18,4,20,4,1,0,1,0,0,0,0,0,0,0,0,0
1056,東南科技大學,01 新北市,進修部在職專班,學士班,640,497,143,170,73,147,39,90,16,67,8,0,0,0,0,0,0,23,7
1056,東南科技大學,01 新北市,進修部在職專班,學士班,1,0,1,0,0,0,0,0,0,0,0,0,0,0,0,0,0,0,1
1057,德明財經科技大學,30 臺北市,日間部學制,碩士班,44,27,17,6,4,8,10,6,1,7,2,0,0,0,0,0,0,0,0
1057,德明財經科技大學,30 臺北市,日間部學制,學士班,6905,2843,4062,721,1047,739,1033,550,814,634,978,0,0,0,0,0,0,199,190
1057,德明財經科技大學,30 臺北市,日間部學制,學士班,127,41,86,0,0,0,0,16,38,25,47,0,0,0,0,0,0,0,1
1057,德明財經科技大學,30 臺北市,進修部學制,碩士班,48,30,18,5,8,10,5,6,3,5,2,3,0,1,0,0,0,0,0
1057,德明財經科技大學,30 臺北市,進修部在職專班,學士班,655,351,304,72,67,51,35,81,60,113,105,0,0,0,0,0,0,34,37
1057,德明財經科技大學,30 臺北市,進修部在職專班,學士班,47,20,27,0,0,0,0,15,14,5,12,0,0,0,0,0,0,0,1
1058,明道大學,07 彰化縣,日間部學制,博士班,29,19,10,6,1,4,3,2,2,2,2,3,2,2,0,0,0,0,0
1058,明道大學,07 彰化縣,日間部學制,碩士班,162,90,72,37,29,24,22,18,19,11,2,0,0,0,0,0,0,0,0
1058,明道大學,07 彰化縣,日間部學制,學士班,2250,1310,940,249,199,345,233,253,198,369,286,0,0,0,0,0,0,94,24
1058,明道大學,07 彰化縣,進修部學制,碩士班,60,25,35,15,18,4,4,4,12,2,1,0,0,0,0,0,0,0,0
1058,明道大學,07 彰化縣,進修學士班,學士班,761,482,279,144,87,107,65,120,68,94,55,0,0,0,0,0,0,17,4
1060,南開科技大學,08 南投縣,日間部學制,碩士班,99,56,43,16,21,24,15,7,5,9,2,0,0,0,0,0,0,0,0
1060,南開科技大學,08 南投縣,日間部學制,學士班,2476,1641,835,294,178,373,221,384,199,489,207,0,0,0,0,0,0,101,30
1060,南開科技大學,08 南投縣,日間部學制,學士班,1,1,0,0,0,0,0,0,0,0,0,0,0,0,0,0,0,1,0
1060,南開科技大學,08 南投縣,日間部學制,副學士,715,586,129,66,18,90,20,118,22,143,30,155,34,0,0,0,0,14,5
1060,南開科技大學,08 南投縣,進修部學制,碩士班,92,30,62,14,23,11,28,3,6,2,5,0,0,0,0,0,0,0,0
1060,南開科技大學,08 南投縣,進修部在職專班,學士班,723,481,242,138,54,108,59,106,51,101,63,0,0,0,0,0,0,28,15
1061,中華科技大學,30 臺北市,日間部學制,碩士班,205,161,44,95,14,56,22,8,6,2,2,0,0,0,0,0,0,0,0
1061,中華科技大學,30 臺北市,日間部學制,學士班,3693,2523,1170,547,245,563,271,535,248,643,325,0,0,0,0,0,0,235,81
1061,中華科技大學,30 臺北市,日間部學制,學士班,19,5,14,0,0,0,0,3,9,2,5,0,0,0,0,0,0,0,0
1061,中華科技大學,30 臺北市,進修部學制,碩士班,105,80,25,45,12,28,11,6,1,1,1,0,0,0,0,0,0,0,0
1061,中華科技大學,30 臺北市,進修部在職專班,學士班,853,695,158,242,76,128,26,124,26,165,25,0,0,0,0,0,0,36,5
1061,中華科技大學,30 臺北市,進修部在職專班,學士班,301,149,152,0,0,0,0,61,81,85,70,0,0,0,0,0,0,3,1
1062,僑光科技大學,19 臺中市,日間部學制,碩士班,54,26,28,16,14,10,14,0,0,0,0,0,0,0,0,0,0,0,0
1062,僑光科技大學,19 臺中市,日間部學制,學士班,6451,2618,3833,602,936,654,993,678,908,614,953,0,0,0,0,0,0,70,43
1062,僑光科技大學,19 臺中市,日間部學制,學士班,1,0,1,0,0,0,0,0,0,0,1,0,0,0,0,0,0,0,0
1062,僑光科技大學,19 臺中市,進修部學制,碩士班,30,18,12,10,6,7,6,1,0,0,0,0,0,0,0,0,0,0,0
1062,僑光科技大學,19 臺中市,進修部在職專班,學士班,4511,2525,1986,679,519,587,460,611,478,558,468,0,0,0,0,0,0,90,61
1063,育達科技大學,05 苗栗縣,日間部學制,碩士班,141,68,73,23,18,27,28,9,21,9,6,0,0,0,0,0,0,0,0
1063,育達科技大學,05 苗栗縣,日間部學制,學士班,1980,992,988,203,152,261,319,188,207,238,246,0,0,0,0,0,0,102,64
1063,育達科技大學,05 苗栗縣,進修部學制,碩士班,206,127,79,65,31,46,41,10,6,6,1,0,0,0,0,0,0,0,0
1063,育達科技大學,05 苗栗縣,進修部在職專班,學士班,1097,640,457,207,134,128,103,131,98,131,107,0,0,0,0,0,0,43,15
1063,育達科技大學,05 苗栗縣,進修部在職專班,學士班,801,237,564,0,0,0,0,119,279,111,276,0,0,0,0,0,0,7,9
1064,美和科技大學,13 屏東縣,日間部學制,碩士班,115,45,70,22,29,18,29,2,8,3,4,0,0,0,0,0,0,0,0
1064,美和科技大學,13 屏東縣,日間部學制,學士班,2698,1141,1557,260,334,267,396,282,395,296,403,0,0,0,0,0,0,36,29
1064,美和科技大學,13 屏東縣,日間部學制,學士班,367,45,322,0,0,0,0,20,155,24,165,0,0,0,0,0,0,1,2
1064,美和科技大學,13 屏東縣,日間部學制,副學士,1857,252,1605,52,276,44,300,45,316,66,337,36,335,0,0,0,0,9,41
1064,美和科技大學,13 屏東縣,進修部學制,碩士班,190,57,133,16,68,31,47,4,14,6,4,0,0,0,0,0,0,0,0
1064,美和科技大學,13 屏東縣,進修部在職專班,學士班,718,267,451,75,113,69,110,47,113,58,109,0,0,0,0,0,0,18,6
1064,美和科技大學,13 屏東縣,進修部在職專班,學士班,667,99,568,0,0,0,0,44,280,44,273,0,0,0,0,0,0,11,15
1064,美和科技大學,13 屏東縣,進修部在職專班,副學士,14,3,11,0,0,3,11,0,0,0,0,0,0,0,0,0,0,0,0
1065,吳鳳科技大學,10 嘉義縣,日間部學制,碩士班,53,33,20,19,4,12,12,1,2,1,2,0,0,0,0,0,0,0,0
1065,吳鳳科技大學,10 嘉義縣,日間部學制,學士班,3266,2268,998,626,272,607,245,464,212,505,256,0,0,0,0,0,0,66,13
1065,吳鳳科技大學,10 嘉義縣,日間部學制,副學士,3,0,3,0,0,0,0,0,0,0,0,0,3,0,0,0,0,0,0
1065,吳鳳科技大學,10 嘉義縣,進修部學制,碩士班,64,34,30,22,18,11,12,0,0,0,0,0,0,1,0,0,0,0,0
1065,吳鳳科技大學,10 嘉義縣,進修部在職專班,學士班,843,609,234,193,78,135,57,133,50,116,44,0,0,0,0,0,0,32,5
1066,環球科技大學,09 雲林縣,日間部學制,碩士班,149,53,96,25,54,17,30,8,8,2,4,1,0,0,0,0,0,0,0
1066,環球科技大學,09 雲林縣,日間部學制,學士班,2555,1209,1346,278,322,269,305,313,304,283,365,0,0,0,0,0,0,66,50
1066,環球科技大學,09 雲林縣,進修部學制,碩士班,56,20,36,8,22,9,9,3,3,0,2,0,0,0,0,0,0,0,0
1066,環球科技大學,09 雲林縣,進修部在職專班,學士班,849,394,455,127,147,98,114,64,80,94,93,0,0,0,0,0,0,11,21
1066,環球科技大學,09 雲林縣,進修部在職專班,學士班,344,121,223,0,0,0,0,55,97,66,126,0,0,0,0,0,0,0,0
1066,環球科技大學,09 雲林縣,進修部在職專班,副學士,185,83,102,44,54,35,45,0,0,0,0,0,0,0,0,0,0,4,3
1067,台灣首府大學,11 臺南市,日間部學制,碩士班,45,18,27,12,10,5,17,0,0,0,0,1,0,0,0,0,0,0,0
1067,台灣首府大學,11 臺南市,日間部學制,學士班,1224,605,619,103,121,159,147,130,155,150,172,0,0,0,0,0,0,63,24
1067,台灣首府大學,11 臺南市,進修學士班,學士班,270,162,108,20,22,44,22,40,15,37,39,0,0,0,0,0,0,21,10
1068,中州科技大學,07 彰化縣,日間部學制,碩士班,26,14,12,6,9,4,0,2,0,2,3,0,0,0,0,0,0,0,0
1068,中州科技大學,07 彰化縣,日間部學制,學士班,1405,849,556,176,107,110,86,323,182,198,164,0,0,0,0,0,0,42,17
1068,中州科技大學,07 彰化縣,進修部學制,碩士班,50,33,17,23,13,8,1,2,3,0,0,0,0,0,0,0,0,0,0
1068,中州科技大學,07 彰化縣,進修部在職專班,學士班,838,570,268,178,73,118,50,132,70,123,70,0,0,0,0,0,0,19,5
1068,中州科技大學,07 彰化縣,進修部在職專班,學士班,742,175,567,0,0,0,0,129,336,46,230,0,0,0,0,0,0,0,1
1069,修平科技大學,06 臺中市,日間部學制,碩士班,58,36,22,14,12,18,6,4,4,0,0,0,0,0,0,0,0,0,0
1069,修平科技大學,06 臺中市,日間部學制,學士班,3244,2233,1011,555,240,592,232,410,181,533,303,0,0,0,0,0,0,143,55
1069,修平科技大學,06 臺中市,進修部學制,碩士班,6,6,0,2,0,3,0,1,0,0,0,0,0,0,0,0,0,0,0
1069,修平科技大學,06 臺中市,進修部在職專班,學士班,1276,1132,144,410,48,340,27,191,30,143,33,0,0,0,0,0,0,48,6
1070,長庚科技大學,03 桃園市,日間部學制,碩士班,59,3,56,2,25,1,22,0,4,0,4,0,1,0,0,0,0,0,0
1070,長庚科技大學,03 桃園市,日間部學制,學士班,3552,460,3092,106,782,122,774,106,760,122,759,0,0,0,0,0,0,4,17
1070,長庚科技大學,03 桃園市,日間部學制,學士班,1418,92,1326,0,0,0,0,57,659,33,664,0,0,0,0,0,0,2,3
1070,長庚科技大學,03 桃園市,日間部學制,副學士,119,7,112,0,0,0,0,0,0,0,0,7,104,0,0,0,0,0,8
1070,長庚科技大學,03 桃園市,進修部學制,碩士班,129,2,127,1,42,1,43,0,24,0,17,0,1,0,0,0,0,0,0
1070,長庚科技大學,03 桃園市,進修部在職專班,學士班,1160,89,1071,0,0,0,0,44,548,41,487,1,29,0,0,0,0,3,7
1071,臺北城市科技大學,30 臺北市,日間部學制,碩士班,88,72,16,31,5,25,6,11,3,5,2,0,0,0,0,0,0,0,0
1071,臺北城市科技大學,30 臺北市,日間部學制,學士班,7197,4448,2749,1138,792,1042,672,981,573,992,571,0,0,0,0,0,0,295,141
1071,臺北城市科技大學,30 臺北市,日間部學制,學士班,3,1,2,0,0,0,0,1,1,0,1,0,0,0,0,0,0,0,0
1071,臺北城市科技大學,30 臺北市,日間部學制,副學士,1227,850,377,124,71,144,82,151,63,212,76,205,82,0,0,0,0,14,3
1071,臺北城市科技大學,30 臺北市,進修部在職專班,學士班,851,631,220,265,101,112,33,110,30,116,48,0,0,0,0,0,0,28,8
1071,臺北城市科技大學,30 臺北市,進修部在職專班,副學士,12,10,2,10,1,0,0,0,0,0,0,0,0,0,0,0,0,0,1
1072,大華科技大學,04 新竹縣,日間部學制,碩士班,3,3,0,0,0,0,0,1,0,1,0,1,0,0,0,0,0,0,0
1072,大華科技大學,04 新竹縣,日間部學制,學士班,380,237,143,14,6,21,10,65,32,82,62,0,0,0,0,0,0,55,33
1072,大華科技大學,04 新竹縣,日間部學制,學士班,23,15,8,0,0,0,0,6,3,7,1,0,0,0,0,0,0,2,4
1072,大華科技大學,04 新竹縣,日間部學制,副學士,408,233,175,17,25,19,17,61,39,49,46,77,44,0,0,0,0,10,4
1072,大華科技大學,04 新竹縣,進修部在職專班,學士班,240,152,88,19,14,16,11,86,29,20,24,0,0,0,0,0,0,11,10
1072,大華科技大學,04 新竹縣,進修部在職專班,學士班,103,86,17,0,0,0,0,59,0,19,11,0,0,0,0,0,0,8,6
1073,醒吾科技大學,01 新北市,日間部學制,碩士班,59,29,30,16,15,8,14,5,1,0,0,0,0,0,0,0,0,0,0
1073,醒吾科技大學,01 新北市,日間部學制,學士班,5624,2428,3196,576,746,654,815,614,790,458,735,0,0,0,0,0,0,126,110
1073,醒吾科技大學,01 新北市,日間部學制,學士班,42,10,32,0,0,0,0,6,16,4,16,0,0,0,0,0,0,0,0
1073,醒吾科技大學,01 新北市,日間部學制,副學士,698,271,427,24,30,42,76,62,83,69,102,73,133,0,0,0,0,1,3
1073,醒吾科技大學,01 新北市,進修部學制,碩士班,96,47,49,23,32,18,13,5,2,0,0,0,0,1,2,0,0,0,0
1073,醒吾科技大學,01 新北市,進修部在職專班,學士班,1044,432,612,137,156,104,186,89,135,84,125,0,0,0,0,0,0,18,10
1075,文藻外語大學,50 高雄市,日間部學制,碩士班,175,46,129,16,40,12,50,13,18,5,21,0,0,0,0,0,0,0,0
1075,文藻外語大學,50 高雄市,日間部學制,學士班,5176,1341,3835,333,914,361,862,272,958,293,886,0,0,0,0,0,0,82,215
1075,文藻外語大學,50 高雄市,日間部學制,學士班,284,40,244,0,0,0,0,17,120,16,98,0,0,0,0,0,0,7,26
1075,文藻外語大學,50 高雄市,日間部學制,副學士,1611,277,1334,61,310,58,251,51,255,43,231,59,262,0,0,0,0,5,25
1075,文藻外語大學,50 高雄市,進修部學制,碩士班,54,11,43,3,12,3,11,2,11,2,5,0,2,1,2,0,0,0,0
1075,文藻外語大學,50 高雄市,進修部在職專班,學士班,1835,634,1201,211,338,166,259,108,209,97,243,0,0,0,0,0,0,52,152
1075,文藻外語大學,50 高雄市,進修部在職專班,學士班,186,40,146,0,0,0,0,19,68,15,59,0,0,0,0,0,0,6,19
1076,華夏科技大學,01 新北市,日間部學制,碩士班,39,30,9,16,4,9,5,3,0,2,0,0,0,0,0,0,0,0,0
1076,華夏科技大學,01 新北市,日間部學制,學士班,1772,1076,696,226,180,207,159,272,141,291,182,0,0,0,0,0,0,80,34
1076,華夏科技大學,01 新北市,日間部學制,學士班,69,57,12,0,0,0,0,22,2,32,9,0,0,0,0,0,0,3,1
1076,華夏科技大學,01 新北市,日間部學制,副學士,587,504,83,89,20,106,28,92,13,134,7,81,14,0,0,0,0,2,1
1076,華夏科技大學,01 新北市,進修部學制,碩士班,73,52,21,22,11,24,10,3,0,3,0,0,0,0,0,0,0,0,0
1076,華夏科技大學,01 新北市,進修部在職專班,學士班,718,421,297,101,92,69,50,125,78,91,65,0,0,0,0,0,0,35,12
1076,華夏科技大學,01 新北市,進修部在職專班,學士班,536,297,239,0,0,0,0,188,140,100,92,0,0,0,0,0,0,9,7
1076,華夏科技大學,01 新北市,進修部在職專班,副學士,242,117,125,32,43,67,75,0,0,0,0,0,0,0,0,0,0,18,7
1077,慈濟科技大學,15 花蓮縣,日間部學制,碩士班,37,19,18,9,9,7,8,2,1,1,0,0,0,0,0,0,0,0,0
1077,慈濟科技大學,15 花蓮縣,日間部學制,學士班,1326,536,790,137,214,116,203,109,182,136,169,0,0,0,0,0,0,38,22
1077,慈濟科技大學,15 花蓮縣,日間部學制,學士班,277,26,251,0,0,0,0,16,126,10,125,0,0,0,0,0,0,0,0
1077,慈濟科技大學,15 花蓮縣,日間部學制,副學士,21,9,12,9,12,0,0,0,0,0,0,0,0,0,0,0,0,0,0
1077,慈濟科技大學,15 花蓮縣,日間部學制,副學士,1304,170,1134,40,246,39,217,37,210,29,221,20,209,0,0,0,0,5,31
1077,慈濟科技大學,15 花蓮縣,進修部在職專班,學士班,99,6,93,0,0,0,0,3,51,1,39,0,0,0,0,0,0,2,3
1078,致理科技大學,01 新北市,日間部學制,碩士班,49,10,39,3,16,3,12,2,8,2,3,0,0,0,0,0,0,0,0
1078,致理科技大學,01 新北市,日間部學制,學士班,6255,1952,4303,448,1091,475,1067,465,988,448,998,0,0,0,0,0,0,116,159
1078,致理科技大學,01 新北市,日間部學制,學士班,226,41,185,0,0,0,0,28,84,11,99,0,0,0,0,0,0,2,2
1078,致理科技大學,01 新北市,日間部學制,副學士,1578,330,1248,81,252,78,246,52,256,61,244,53,236,0,0,0,0,5,14
1078,致理科技大學,01 新北市,進修部學制,碩士班,57,18,39,5,13,8,7,4,8,1,5,0,6,0,0,0,0,0,0
1078,致理科技大學,01 新北市,進修部在職專班,學士班,3192,1257,1935,362,472,320,459,253,448,200,436,0,0,0,0,0,0,122,120
1078,致理科技大學,01 新北市,進修部在職專班,學士班,12,7,5,0,0,0,0,0,0,1,1,0,0,0,0,0,0,6,4
1079,康寧大學,30 臺北市,日間部學制,碩士班,50,17,33,7,12,5,9,3,11,2,1,0,0,0,0,0,0,0,0
1079,康寧大學,30 臺北市,日間部學制,學士班,342,121,221,11,54,11,58,42,45,29,58,0,0,0,0,0,0,28,6
1079,康寧大學,30 臺北市,日間部學制,副學士,2814,645,2169,131,397,117,427,138,402,130,436,110,458,0,0,0,0,19,49
1079,康寧大學,30 臺北市,進修部學制,碩士班,56,18,38,2,10,10,13,3,11,3,4,0,0,0,0,0,0,0,0
1079,康寧大學,30 臺北市,進修部在職專班,學士班,89,7,82,0,0,0,0,5,53,2,29,0,0,0,0,0,0,0,0
1079,康寧大學,30 臺北市,進修部在職專班,副學士,204,45,159,26,67,19,92,0,0,0,0,0,0,0,0,0,0,0,0
1079,康寧大學,30 臺北市,進修學士班,學士班,86,62,24,1,2,2,1,19,6,27,11,0,0,0,0,0,0,13,4
1080,宏國德霖科技大學,01 新北市,日間部學制,學士班,2244,1361,883,308,239,340,224,298,196,340,192,0,0,0,0,0,0,75,32
1080,宏國德霖科技大學,01 新北市,日間部學制,學士班,76,22,54,0,0,0,0,7,31,15,22,0,0,0,0,0,0,0,1
1080,宏國德霖科技大學,01 新北市,日間部學制,副學士,1226,740,486,127,86,141,97,135,92,183,106,143,98,0,0,0,0,11,7
1080,宏國德霖科技大學,01 新北市,進修部在職專班,學士班,1354,857,497,282,147,230,114,154,136,140,84,0,0,0,0,0,0,51,16
1080,宏國德霖科技大學,01 新北市,進修部在職專班,學士班,732,445,287,0,0,0,0,242,169,191,113,0,0,0,0,0,0,12,5
1080,宏國德霖科技大學,01 新北市,進修部在職專班,副學士,100,46,54,12,14,31,40,0,0,0,0,0,0,0,0,0,0,3,0
1081,東方設計大學,12 高雄市,日間部學制,博士班,32,14,18,1,6,5,2,4,5,3,5,1,0,0,0,0,0,0,0
1081,東方設計大學,12 高雄市,日間部學制,碩士班,102,45,57,20,30,10,15,10,6,4,5,1,1,0,0,0,0,0,0
1081,東方設計大學,12 高雄市,日間部學制,學士班,885,495,390,32,38,96,82,190,108,135,144,0,0,0,0,0,0,42,18
1081,東方設計大學,12 高雄市,日間部學制,學士班,48,22,26,0,0,0,0,12,12,7,13,0,0,0,0,0,0,3,1
1081,東方設計大學,12 高雄市,日間部學制,副學士,1009,462,547,59,52,53,71,95,129,122,143,124,144,0,0,0,0,9,8
1081,東方設計大學,12 高雄市,進修部學制,碩士班,41,15,26,13,19,2,7,0,0,0,0,0,0,0,0,0,0,0,0
1081,東方設計大學,12 高雄市,進修部在職專班,學士班,156,74,82,17,11,24,4,15,31,17,33,0,0,0,0,0,0,1,3
1082,崇右影藝科技大學,17 基隆市,日間部學制,碩士班,76,40,36,19,16,17,18,2,1,2,1,0,0,0,0,0,0,0,0
1082,崇右影藝科技大學,17 基隆市,日間部學制,學士班,1854,833,1021,177,267,211,227,169,260,165,185,0,0,0,0,0,0,111,82
1082,崇右影藝科技大學,17 基隆市,日間部學制,副學士,84,39,45,0,0,0,0,0,0,32,30,6,14,0,0,0,0,1,1
1083,台北海洋科技大學,01 新北市,日間部學制,碩士班,136,70,66,37,29,28,30,5,5,0,2,0,0,0,0,0,0,0,0
1083,台北海洋科技大學,01 新北市,日間部學制,學士班,2571,1416,1155,334,298,315,257,310,252,326,288,0,0,0,0,0,0,131,60
1083,台北海洋科技大學,01 新北市,日間部學制,學士班,233,160,73,0,0,0,0,85,38,62,30,0,0,0,0,0,0,13,5
1083,台北海洋科技大學,01 新北市,日間部學制,副學士,54,53,1,21,0,28,1,0,0,0,0,0,0,0,0,0,0,4,0
1083,台北海洋科技大學,01 新北市,日間部學制,副學士,943,583,360,105,61,87,67,113,57,132,92,119,75,0,0,0,0,27,8
1083,台北海洋科技大學,01 新北市,進修部在職專班,學士班,182,83,99,34,27,25,19,9,18,10,30,0,0,0,0,0,0,5,5
1083,台北海洋科技大學,01 新北市,進修部在職專班,學士班,175,56,119,0,0,0,0,36,80,19,39,0,0,0,0,0,0,1,0
1083,台北海洋科技大學,01 新北市,進修部在職專班,副學士,123,112,11,76,10,31,1,0,0,0,0,0,0,0,0,0,0,5,0
1125,中信金融管理學院,21 臺南市,日間部學制,碩士班,83,41,42,23,23,16,15,2,4,0,0,0,0,0,0,0,0,0,0
1125,中信金融管理學院,21 臺南市,日間部學制,學士班,635,350,285,124,79,97,70,52,69,68,66,0,0,0,0,0,0,9,1
1148,大漢技術學院,15 花蓮縣,日間部學制,碩士班,77,50,27,24,14,19,13,7,0,0,0,0,0,0,0,0,0,0,0
1148,大漢技術學院,15 花蓮縣,日間部學制,學士班,282,165,117,29,23,38,41,48,29,40,18,0,0,0,0,0,0,10,6
1148,大漢技術學院,15 花蓮縣,進修部在職專班,學士班,298,188,110,75,46,46,21,32,22,34,21,0,0,0,0,0,0,1,0
1148,大漢技術學院,15 花蓮縣,進修部在職專班,學士班,254,152,102,0,0,0,0,75,49,75,50,0,0,0,0,0,0,2,3
1148,大漢技術學院,15 花蓮縣,進修部在職專班,副學士,164,89,75,61,40,28,33,0,0,0,0,0,0,0,0,0,0,0,2
1159,和春技術學院,12 高雄市,日間部學制,碩士班,8,7,1,0,0,0,0,7,1,0,0,0,0,0,0,0,0,0,0
1159,和春技術學院,12 高雄市,日間部學制,學士班,250,179,71,26,8,43,7,32,11,48,29,0,1,0,0,0,0,30,15
1159,和春技術學院,12 高雄市,日間部學制,學士班,20,15,5,0,0,0,0,8,1,7,3,0,0,0,0,0,0,0,1
1159,和春技術學院,12 高雄市,日間部學制,副學士,126,72,54,3,2,5,8,11,16,33,16,20,11,0,0,0,0,0,1
1159,和春技術學院,12 高雄市,進修部在職專班,學士班,142,95,47,19,9,7,4,18,7,28,21,0,0,0,0,0,0,23,6
1159,和春技術學院,12 高雄市,進修部在職專班,學士班,252,158,94,0,0,0,0,90,54,61,32,0,0,0,0,0,0,7,8
1159,和春技術學院,12 高雄市,進修部在職專班,副學士,181,126,55,70,28,49,19,0,0,0,0,0,0,0,0,0,0,7,8
1166,亞東技術學院,01 新北市,日間部學制,碩士班,45,35,10,16,2,13,6,4,2,2,0,0,0,0,0,0,0,0,0
1166,亞東技術學院,01 新北市,日間部學制,學士班,4137,2985,1152,743,301,774,278,666,290,697,248,0,0,0,0,0,0,105,35
1166,亞東技術學院,01 新北市,日間部學制,學士班,179,15,164,0,0,0,0,8,83,7,81,0,0,0,0,0,0,0,0
1166,亞東技術學院,01 新北市,進修部在職專班,學士班,136,1,135,0,0,0,0,1,50,0,44,0,41,0,0,0,0,0,0
1168,南亞技術學院,03 桃園市,日間部學制,碩士班,18,15,3,5,1,10,0,0,0,0,2,0,0,0,0,0,0,0,0
1168,南亞技術學院,03 桃園市,日間部學制,學士班,1403,850,553,215,95,209,124,159,126,192,171,0,0,0,0,0,0,75,37
1168,南亞技術學院,03 桃園市,日間部學制,副學士,331,186,145,24,14,28,25,40,20,41,48,53,38,0,0,0,0,0,0
1168,南亞技術學院,03 桃園市,進修部在職專班,學士班,775,537,238,178,70,85,49,95,48,137,51,0,0,0,0,0,0,42,20
1168,南亞技術學院,03 桃園市,進修部在職專班,學士班,153,113,40,0,0,0,0,92,30,21,10,0,0,0,0,0,0,0,0
1168,南亞技術學院,03 桃園市,進修部在職專班,副學士,9,8,1,0,0,8,1,0,0,0,0,0,0,0,0,0,0,0,0
1176,稻江科技暨管理學院,10 嘉義縣,日間部學制,碩士班,76,32,44,6,21,16,15,7,5,3,3,0,0,0,0,0,0,0,0
1176,稻江科技暨管理學院,10 嘉義縣,日間部學制,學士班,1106,593,513,58,37,145,158,194,126,170,182,0,0,0,0,0,0,26,10
1176,稻江科技暨管理學院,10 嘉義縣,進修部學制,碩士班,45,31,14,14,2,11,11,2,0,4,1,0,0,0,0,0,0,0,0
1176,稻江科技暨管理學院,10 嘉義縣,進修部在職專班,學士班,126,24,102,0,0,0,0,11,47,11,54,0,0,0,0,0,0,2,1
1176,稻江科技暨管理學院,10 嘉義縣,進修學士班,學士班,502,230,272,76,33,46,46,63,83,37,99,0,0,0,0,0,0,8,11
1182,蘭陽技術學院,02 宜蘭縣,日間部學制,學士班,346,189,157,17,9,62,47,38,34,59,54,0,0,0,0,0,0,13,13
1182,蘭陽技術學院,02 宜蘭縣,日間部學制,副學士,321,184,137,10,11,30,23,33,20,55,33,54,45,0,0,0,0,2,5
1183,黎明技術學院,01 新北市,日間部學制,學士班,3421,1797,1624,452,497,526,450,392,335,352,293,0,0,0,0,0,0,75,49
1183,黎明技術學院,01 新北市,日間部學制,副學士,464,397,67,39,11,74,11,82,18,87,21,106,5,0,0,0,0,9,1
1183,黎明技術學院,01 新北市,進修部在職專班,學士班,1080,679,401,296,196,142,103,135,63,89,37,0,0,0,0,0,0,17,2
1183,黎明技術學院,01 新北市,進修部在職專班,學士班,91,8,83,0,0,0,0,2,45,6,38,0,0,0,0,0,0,0,0
1183,黎明技術學院,01 新北市,進修部在職專班,副學士,4,1,3,0,0,0,0,0,0,0,0,0,0,0,0,0,0,1,3
1185,經國管理暨健康學院,17 基隆市,日間部學制,碩士班,35,6,29,2,18,1,7,3,3,0,1,0,0,0,0,0,0,0,0
1185,經國管理暨健康學院,17 基隆市,日間部學制,學士班,2026,762,1264,231,374,193,318,159,264,129,247,0,0,0,0,0,0,50,61
1185,經國管理暨健康學院,17 基隆市,日間部學制,學士班,170,16,154,0,0,0,0,9,64,7,80,0,0,0,0,0,0,0,10
1185,經國管理暨健康學院,17 基隆市,日間部學制,副學士,1227,360,867,83,149,76,160,56,152,63,164,74,183,0,0,0,0,8,59
1185,經國管理暨健康學院,17 基隆市,進修部學制,碩士班,45,8,37,4,17,3,14,0,4,0,2,1,0,0,0,0,0,0,0
1185,經國管理暨健康學院,17 基隆市,進修部在職專班,學士班,60,36,24,0,0,0,0,7,5,21,11,0,0,0,0,0,0,8,8
1185,經國管理暨健康學院,17 基隆市,進修部在職專班,學士班,146,8,138,0,0,0,0,6,85,2,47,0,0,0,0,0,0,0,6
1188,大同技術學院,20 嘉義市,日間部學制,學士班,792,348,444,36,57,119,113,73,120,101,147,0,0,0,0,0,0,19,7
1188,大同技術學院,20 嘉義市,日間部學制,副學士,94,44,50,3,5,3,10,11,10,20,14,3,9,0,0,0,0,4,2
1188,大同技術學院,20 嘉義市,進修部在職專班,學士班,189,67,122,22,37,18,30,8,26,15,23,0,0,0,0,0,0,4,6
1188,大同技術學院,20 嘉義市,進修部在職專班,學士班,262,55,207,0,0,0,0,20,111,31,83,0,0,0,0,0,0,4,13
1192,臺灣觀光學院,15 花蓮縣,日間部學制,碩士班,26,12,14,9,6,2,7,1,1,0,0,0,0,0,0,0,0,0,0
1192,臺灣觀光學院,15 花蓮縣,日間部學制,學士班,263,138,125,35,39,28,18,14,11,37,44,0,0,0,0,0,0,24,13
1192,臺灣觀光學院,15 花蓮縣,日間部學制,副學士,87,41,46,12,2,1,2,3,9,13,15,9,16,0,0,0,0,3,2
1192,臺灣觀光學院,15 花蓮縣,進修部在職專班,學士班,92,39,53,18,9,4,13,5,11,5,10,0,0,0,0,0,0,7,10
1192,臺灣觀光學院,15 花蓮縣,進修部在職專班,學士班,80,32,48,0,0,0,0,14,16,7,19,0,0,0,0,0,0,11,13
1192,臺灣觀光學院,15 花蓮縣,進修部在職專班,副學士,60,21,39,10,19,8,17,0,0,0,0,0,0,0,0,0,0,3,3
1195,馬偕醫學院,01 新北市,日間部學制,博士班,2,2,0,2,0,0,0,0,0,0,0,0,0,0,0,0,0,0,0
1195,馬偕醫學院,01 新北市,日間部學制,碩士班,41,15,26,3,11,4,7,6,3,2,5,0,0,0,0,0,0,0,0
1195,馬偕醫學院,01 新北市,日間部學制,學士班,641,220,421,39,110,48,113,38,76,44,77,28,20,18,22,2,0,3,3
1196,法鼓文理學院,01 新北市,日間部學制,博士班,20,8,12,1,1,2,1,1,4,0,0,3,3,1,3,0,0,0,0
1196,法鼓文理學院,01 新北市,日間部學制,碩士班,224,66,158,25,40,16,46,11,30,14,42,0,0,0,0,0,0,0,0
1196,法鼓文理學院,01 新北市,日間部學制,學士班,61,24,37,7,12,7,12,5,7,5,4,0,0,0,0,0,0,0,2
1282,馬偕醫護管理專科學校,30 臺北市,日間部學制,副學士,54,15,39,4,27,11,12,0,0,0,0,0,0,0,0,0,0,0,0
1282,馬偕醫護管理專科學校,30 臺北市,日間部學制,副學士,3927,469,3458,95,675,93,664,98,680,90,658,74,684,0,0,0,0,19,97
1282,馬偕醫護管理專科學校,30 臺北市,進修部在職專班,副學士,242,108,134,73,83,34,50,0,0,0,0,0,0,0,0,0,0,1,1
1283,仁德醫護管理專科學校,05 苗栗縣,日間部學制,副學士,6042,1294,4748,252,930,244,920,259,958,243,921,211,835,0,0,0,0,85,184
1283,仁德醫護管理專科學校,05 苗栗縣,進修部在職專班,副學士,391,198,193,127,134,67,54,0,0,0,0,0,0,0,0,0,0,4,5
1284,樹人醫護管理專科學校,12 高雄市,日間部學制,副學士,6741,1551,5190,341,1115,330,1085,293,984,267,948,253,893,0,0,0,0,67,165
1284,樹人醫護管理專科學校,12 高雄市,進修部在職專班,副學士,545,316,229,127,119,136,72,30,21,18,16,0,0,0,0,0,0,5,1
1285,慈惠醫護管理專科學校,13 屏東縣,日間部學制,副學士,103,36,67,16,36,13,20,0,0,0,0,0,0,0,0,0,0,7,11
1285,慈惠醫護管理專科學校,13 屏東縣,日間部學制,副學士,4130,896,3234,123,482,171,575,149,578,193,755,212,680,0,0,0,0,48,164
1285,慈惠醫護管理專科學校,13 屏東縣,進修部在職專班,副學士,271,94,177,48,86,35,70,6,4,3,7,0,0,0,0,0,0,2,10
1286,耕莘健康管理專科學校,01 新北市,日間部學制,副學士,4792,454,4338,66,755,100,836,99,891,79,880,82,801,0,0,0,0,28,175
1286,耕莘健康管理專科學校,01 新北市,進修部在職專班,副學士,119,3,116,2,63,1,46,0,0,0,0,0,0,0,0,0,0,0,7
1287,敏惠醫護管理專科學校,11 臺南市,日間部學制,副學士,3904,467,3437,101,681,98,698,81,704,94,657,74,612,0,0,0,0,19,85
1289,育英醫護管理專科學校,50 高雄市,日間部學制,副學士,1996,227,1769,53,316,43,355,46,366,41,362,38,337,0,0,0,0,6,33
1291,聖母醫護管理專科學校,02 宜蘭縣,日間部學制,副學士,22,17,5,17,5,0,0,0,0,0,0,0,0,0,0,0,0,0,0
1291,聖母醫護管理專科學校,02 宜蘭縣,日間部學制,副學士,2521,516,2005,76,319,81,332,82,426,135,462,133,437,0,0,0,0,9,29
1291,聖母醫護管理專科學校,02 宜蘭縣,進修部在職專班,副學士,18,8,10,8,10,0,0,0,0,0,0,0,0,0,0,0,0,0,0
1292,新生醫護管理專科學校,03 桃園市,日間部學制,副學士,5955,722,5233,141,1034,137,1050,146,1018,147,1019,130,988,0,0,0,0,21,124
1292,新生醫護管理專科學校,03 桃園市,進修部在職專班,副學士,76,23,53,5,26,18,27,0,0,0,0,0,0,0,0,0,0,0,0
1293,崇仁醫護管理專科學校,10 嘉義縣,日間部學制,副學士,3330,410,2920,81,584,87,543,87,593,75,592,69,564,0,0,0,0,11,44
3002,臺北市立大學,30 臺北市,日間部學制,博士班,234,101,133,14,19,14,17,15,13,18,22,11,15,10,17,19,30,0,0
3002,臺北市立大學,30 臺北市,日間部學制,碩士班,1215,420,795,156,242,105,213,71,185,61,91,15,37,12,27,0,0,0,0
3002,臺北市立大學,30 臺北市,日間部學制,學士班,5270,2335,2935,569,738,527,698,520,683,553,676,0,0,0,0,0,0,166,140
3002,臺北市立大學,30 臺北市,進修部學制,碩士班,1090,298,792,107,274,87,257,46,121,29,71,14,44,15,25,0,0,0,0